STN Code,Sampling Date,Month,Sampling Time,Stn Name,Type Water Body,Name Of Water Body,River Basin,District,State Name,Mon Agency,Frequency,Major Polluting Sources,Use Based Class, Use of Water in Down Stream, Visibility Effluent Discharge,Weather,Approx Depth,Human Activities,Floating Matter,Color,Odor,Flow,Temperature,Dissolved O2,pH,Conductivity,BOD,Nitrate N,Fecal Coliform,Total Coliform,Fecal Streptococci,Turbidity,Phenophelene Alkanity,Total Alkalinity,Chlorides,COD,Total Kjeldahl N,Amonia N,Hardness CaCo3,Calcium CaCo3,Magnesium CaCo3,Sulphate,Sodium,Total Dissolved Solids,Total Fixed Solids,Total Suspended Solids,Phosphate,Boron,Potassium,Flouride,Remark,latitude,longitude
1312,45785,Aug,0.6875,"Godavari river at Jaikwadi Dam, Village. Paithan, Taluka. Paithan, District.Ch. Sambhaji Nagar.",River,Godavari,Godavari,Ch. Sambhaji Nagar,Maharashtra,Maharashtra PCB,Monthly,Industrial Effluent,A (Drinking Water source without conventional treatment but after disinfection),,Industrial,Clear,Greater than 100cm,Others,No,Clear,Odor Free,1,28,6.7,8.4,575,3.2,0.54,1.8(BDL),35,1.8(BDL),1(BDL),6,122,58.48,16,1.68,0.43,144,64,80,72,60.44,497,448,10(BDL),0.78,0.58,2.88,0.5,NA,19°29.263',75°22.272'
2158,45785,Aug,0.666666667,"Godavari river at U/s of Paithan at Paithan intake pump house, Village. Jayakwadi, Taluka. Paithan, District. Ch. Sambhaji Nagar.",River,Godavari,Godavari,Ch. Sambhaji Nagar,Maharashtra,Maharashtra PCB,Monthly,Industrial Effluent,A (Drinking Water source without conventional treatment but after disinfection),,Industrial,Clear,Greater than 100cm,Others,No,Clear,Odor Free,3,28,6.6,8.3,576,3.2,0.52,1.8(BDL),25,1.8(BDL),1.02,6,120,63.48,16,2.8,0.86,142,66,76,68.88,61.1,489,441,11,0.71,0.61,3.14,0.41,NA,19°30.887’,75°22.457’
2159,45785,Aug,0.71875,"Godavari river at D/s of Paithan at Pathegaon bridge, Village. Pathegaon, Taluka. Paithan, District. Ch. Sambhaji Nagar.",River,Godavari,Godavari,Ch. Sambhaji Nagar,Maharashtra,Maharashtra PCB,Monthly,Industrial Effluent,A (Drinking Water source without conventional treatment but after disinfection),,Industrial,Clear,Greater than 100cm,Others,No,Clear,Odor Free,3,28,6.9,8.5,573,3.2,0.56,1.8(BDL),20,1.8(BDL),1.02,6,140,58.98,16,3.36,1.8,140,62,78,68.54,67.84,491,442,11,0.76,0.56,3.16,0.45,NA,19°28.835’,75°23.835’
2160,45785,Aug,0.625,"Godavari river at U/s of Aurangabad Reservoir,Kaigaon Tokka near Kaigaon bridge,Village. Kaigaon,Taluka. Gangapur,District. Ch. Sambhaji Nagar.",River,Godavari,Godavari,Ch. Sambhaji Nagar,Maharashtra,Maharashtra PCB,Monthly,Industrial Effluent,A (Drinking Water source without conventional treatment but after disinfection),,Industrial,Clear,Greater than 100cm,Others,No,Clear,Odor Free,3,28,7,7.9,592,3.4,0.58,1.8(BDL),13,1.8(BDL),1.02,6,140,55.98,20,2.24,0.4,140,72,68,73.3,55.38,479,612,10(BDL),1.47,0.55,3.13,0.6,NA,19°37.463’,75°01.490’
2161,45755,Aug,0.645833333,"Godavari river at Jalna Intake water pump house, Village. Shahabad, Taluka. Ambad, District. Jalna.",River,Godavari,Godavari,Jalna,Maharashtra,Maharashtra PCB,Monthly,Industrial Effluent,A (Drinking Water source without conventional treatment but after disinfection),,Industrial,Clear,Less than 50cm,Others,Yes,Clear,None,2,29,6.6,8.7,922,3.8,0.63,1.8(BDL),14,1.8(BDL),1.03,6,130,98.47,20,1.68,0.44,160,82,78,128.8,114.98,765,689,12,0.33,0.56,4.57,0.49,NA,19°21.392’,75°42.870’
2657,45755,Aug,0.541666667,"Bindusara river at Beed, near intake water pump house at Dam, Village. Paligaon, Taluka. Beed, District. Beed.",River,Bindusara,Bindusara,Beed,Maharashtra,Maharashtra PCB,Monthly,Industrial Effluent,A (Drinking Water source without conventional treatment but after disinfection),,Industrial,Clear,Less than 50cm,Others,Yes,Clear,None,0.5,30,7.1,8.6,356,3,0.7,1.8(BDL),17,1.8(BDL),1.01,6,140,13,16,5.6,2.28,120,60,60,21.1,20.8,316,285,10(BDL),1.12,0.55,1.54,0.95,NA,18° 54.922’,75° 44.236’
2157,45724,Aug,0.333333333,"Godavari river at Latur water intake near Pump house. Village. Dhamegaon, Taluka. Kalumb, District. Dharashiv",River,Godavari,Godavari,Latur,Maharashtra,Maharashtra PCB,Monthly,None,A (Drinking Water source without conventional treatment but after disinfection),,None,Cloudy,50-100cm,Fishing,Yes,Light Brown,Odor Free,1,20,7,8.3,506,3.2,1.8,1.8(BDL),21,1.8(BDL),1.2,6,150,52.48,16,3.36,1.35,140,64,76,46.5,46.91,418,377,12,0.2(BDL),0.56,4.48,0.99,NA,18°33.243’,76°08.899’
2673,45724,Aug,0.375,"Manjra river at D/s of Latur, near Latur. Nanded bridge, Village. Bhatkheda, Taluka. Latur, District. Latur.",River,Manjara,Manjara,Latur,Maharashtra,Maharashtra PCB,Monthly,Municipal Sewage,A (Drinking Water source without conventional treatment but after disinfection),,Muncipal Sewage,Cloudy,50-100cm,"Washing,Fishing",Yes,Light Brown,Fishy,8,22,6.8,8.5,526,3.6,1.95,1.8(BDL),25,1.8(BDL),1.22,6,148,50.48,20,5.04,2.54,120,60,60,56.86,48.67,441,397,10(BDL),1,0.58,4.17,0.72,NA,18° 25.826’,76° 40.253’
1209,45785,Aug,0.479166667,"Godavari river at Raher, Village.Raher, Taluka. Nayagaon, District. Nanded.",River,Godavari,Godavari,Nanded,Maharashtra,Maharashtra PCB,Monthly,Industrial Effluent,A (Drinking Water source without conventional treatment but after disinfection),,Industrial,Clear,Less than 50cm,Fishing,Yes,Clear,None,0,31,6,8.1,721,3.8,3.2,1.8(BDL),21,1.8(BDL),1.03,6,100,54.98,16,4.48,0.41,148,64,84,63.3,46.8,353,318,10(BDL),0.77,0.53,3.24,0.89,NA,18°53.781’,77°40.660’
1210,45785,Aug,0.354166667,"Godavari river near Intake water pump house, Village. Vishnupuri, Taluka. Nanded, District. Nanded.",River,Godavari,Godavari,Nanded,Maharashtra,Maharashtra PCB,Monthly,Industrial Effluent,A (Drinking Water source without conventional treatment but after disinfection),,Industrial,Clear,Less than 50cm,"Fishing,Boating,Tourism Spot",Yes,Clear,None,0,31,6.4,8.3,409,3.8,2.1,1.8(BDL),15,1.8(BDL),1.27,6,142,32.49,20,2.24,1.49,130,60,70,60.7,44.39,355,320,12,0.49,0.53,3.05,0.46,NA,19°07.611’,77°16.763’
5992,45785,Aug,0.395833333,"Asna River, Dist- Nanded",River,NA,NA,Nanded,Maharashtra,Maharashtra PCB,Monthly,Industrial Effluent,A (Drinking Water source without conventional treatment but after disinfection),,Industrial,Clear,Less than 50cm,"Bathing,Fishing",Yes,Clear,None,0,31,5.3,9,413,4.8,1.74,1.8(BDL),25,1.8(BDL),1.2,6,100,32.99,24,3.36,1.82,120,62,58,58.64,38.47,339,306,11,0.32,0.59,3.25,0.31,NA,19.175556,77.350556
12,45755,Aug,0.381944444,"Godavari river at Dhalegaon, Village. Dhalegaon, Taluka. Pathari,  District. Parbhani.",River,Godavari,Godavari,Parbhani,Maharashtra,Maharashtra PCB,Monthly,None,"E (Irrigation, industrial cooling and controlled waste)",,None,Clear,Greater than 100cm,Cultivation,Yes,Clear,None,0,18,7.7,8.5,332,2.8,0.74,1.8(BDL),30,1.8(BDL),1.02,6,146,18.99,12,3.36,2.01,164,84,80,23.02,31.91,302,272,11,1.02,0.54,3.02,0.84,NA,19°13.524’,76°21.854’
5991,45724,Aug,0.715277778,"Purna River, Yeldari dam, Dist- Parbhani",River,NA,NA,Parbhani,Maharashtra,Maharashtra PCB,Monthly,None,C (Drinking water source),,None,Clear,Greater than 100cm,Cultivation,Yes,Clear,None,0,19,7.4,7.8,4231,3.2,0.66,1.8(BDL),20,1.8(BDL),1.01,6,132,32.99,16,4.48,2.4,122,58,64,35.28,32.62,356,321,10(BDL),1.01,0.53,3.49,0.98,NA,19.72034,76.73189
1153,45755,Aug,0.204861111,"Krishna river at Rajapur Weir, Village. Rajapur, Taluka. Shirol, District. Kolhapur.",River,Krishna,Krishna,Kolhapur,Maharashtra,Maharashtra PCB,Monthly,None,No Information,,None,Clear,Less than 50cm,"Bathing,Washing,Fishing,Others",No,Clear,None,0,26,7.1,7.8,169,2.6,1.14,5.6,25,1.8(BDL),1(BDL),5(BDL),62,12.95,16,1.5(BDL),0.44,61.2,40,21.2,8.8,5(BDL),129,116,11,0.2(BDL),NA,1(BDL),0.25,NA,16°37.717 ’,74°39.893’
1310,45755,Aug,0.229166667,"Krishna river at Kurundwad near Santaji Ghorpade Ghat , Village.Narshingwadi, Kurundwad, Taluka. Shirol, District. Kolhapur.",River,Krishna,Krishna,Kolhapur,Maharashtra,Maharashtra PCB,Monthly,None,No Information,,None,Clear,Less than 50cm,"Bathing,Washing,Fishing,Others",No,Clear,None,0,26,7,7.7,167,2.8,1.15,5.6,25,1.8(BDL),1(BDL),5(BDL),62,12.75,16,1.5(BDL),0.4,62.2,41.8,20.4,8.5,5(BDL),128,115,11,0.2(BDL),NA,1(BDL),0.2(BDL),NA,16°41.276’,74°36.055’
1904,45755,Aug,0.489583333,"Panchaganga river at U/s of Kolhapur town near Balinga Pumping station, Village.Balinga, Taluka. Karvir, District. Kolhapur.",River,Panchganga,Panchganga,Kolhapur,Maharashtra,Maharashtra PCB,Monthly,None,No Information,,None,Clear,Less than 50cm,"Bathing,Washing,Fishing,Others",No,Clear,None,0,26,6.9,7.6,92,3,0.78,5.6,25,1.8(BDL),1(BDL),5(BDL),42,7.85,16,1.5(BDL),0.4,41.8,30.2,11.6,7.8,5(BDL),76,68,10(BDL),0.2(BDL),NA,1(BDL),0.27,NA,16°41.553',74°09.973'
1905,45755,Aug,0.319444444,"Panchaganga river at D/s of Kolhapur town at Gandhi nagar near NH.4 bridge and MIDC, Village. Uchegaon, Taluka. Kolhapur, District. Kolhapur.",River,Panchganga,Panchganga,Kolhapur,Maharashtra,Maharashtra PCB,Monthly,None,No Information,,None,Clear,Less than 50cm,"Bathing,Washing,Fishing,Others",No,Clear,None,0,26,7.1,7.8,130,2.8,0.91,5.6,24,1.8(BDL),1(BDL),5(BDL),60,10.4,24,1.5(BDL),0.54,61,41,20,6.5,5(BDL),104,94,12,0.2(BDL),NA,1(BDL),0.2(BDL),NA,16°42.697',74°16.822'
2163,45755,Aug,0.253472222,"Panchaganga river at Shirol near Shirol Intake well, Village. Shirol, Taluka. Shirol, District. Kolhapur.",River,Panchganga,Panchganga,Kolhapur,Maharashtra,Maharashtra PCB,Monthly,None,No Information,,None,Clear,Less than 50cm,"Bathing,Washing,Fishing,Others",No,Clear,None,0,26,6.9,7.7,153,3,0.97,5.5,24,1.8(BDL),1(BDL),5(BDL),58,12.9,20,1.5(BDL),0.42,58.2,40,18.2,9.6,5(BDL),118,106,12,0.2(BDL),NA,1(BDL),0.36,NA,16º43.313',74º35.672'
1311,45755,Aug,0.170138889,"Panchaganga river at Ichalkaranji near MIDC  intake well. Village. Shiradhwad  (Ichalkaranji ghat), Taluka.Hatkanangale, District. Kolhapur.",River,Panchganga,Panchganga,Kolhapur,Maharashtra,Maharashtra PCB,Monthly,None,No Information,,None,Clear,Less than 50cm,"Bathing,Washing,Fishing,Others",No,Clear,None,0,26,6.8,7.8,142,2.8,0.91,9.3,34,1.8(BDL),1(BDL),5(BDL),58,10.4,12,1.5(BDL),0.4,61,42.4,18.6,7.5,5(BDL),112,101,12,0.2(BDL),NA,1(BDL),0.22,NA,16°39.950’,74°28.495’
5986,45755,Aug,0.461805556,"Bhogawati River water sample at Haldi KT Weir, Tal. Karveer, Dist. Kolhapur ",River,NA,NA,Kolhapur,Maharashtra,Maharashtra PCB,Monthly,None,No Information,,None,Clear,Less than 50cm,"Bathing,Washing,Fishing,Others",No,Clear,None,0,26,6.4,7.7,96,3,0.74,6.8,27,1.8(BDL),1(BDL),5(BDL),62,8.05,24,1.5(BDL),0.51,48.6,29.4,19.2,7.4,5(BDL),78,70,10(BDL),0.2(BDL),NA,1(BDL),0.32,NA,16.5833,74.15
5987,45755,Aug,0.239583333,"Panchaganga River, Terwad bandhara, Dist- Kolhapur",River,NA,NA,Kolhapur,Maharashtra,Maharashtra PCB,Monthly,None,No Information,,None,Clear,Less than 50cm,"Bathing,Washing,Fishing,Others",No,Clear,None,0,26,6.7,7.7,144,2.8,0.97,9.2,33,1.8(BDL),1(BDL),5(BDL),54,12.2,20,1.5(BDL),0.4,60,39.6,20.4,8.82,5(BDL),114,103,12,0.2(BDL),NA,1(BDL),0.44,NA,16.67253,74.572223
37,45785,Aug,0.458333333,"Krishna river at Maighat, Village. Gawali gally, Taluka. Miraj,  District. Sangli.",River,Krishna,Krishna,Sangli,Maharashtra,Maharashtra PCB,Monthly,Industrial Effluent,A (Drinking Water source without conventional treatment but after disinfection),,Industrial,Cloudy,Less than 50cm,Others,No,Clear,Odor Free,0,26,5.9,7.9,3336,3,1.35,6.8,25,1.8(BDL),1(BDL),5(BDL),1260,24.39,12,1.5(BDL),0.52,131,78.6,52.4,23.84,11,246,221,12,0.2(BDL),NA,1(BDL),0.2(BDL),NA,16°51.710’,74°33.459 ’
1906,45755,Aug,0.552083333,"Krishna river at Walwa, D/s of Islampur near Vithal Temple, Village. Walwa, Taluka. Walwa, District. Sangli.",River,Krishna,Krishna,Sangli,Maharashtra,Maharashtra PCB,Monthly,Industrial Effluent,A (Drinking Water source without conventional treatment but after disinfection),,Industrial,Cloudy,Less than 50cm,Others,No,Clear,Odor Free,0,27,6.7,7.9,2244,2.8,1.12,6.1,24,1.8(BDL),1(BDL),5(BDL),1100,8.35,16,1.5(BDL),0.4,99.6,63.2,36.4,6.24,5(BDL),168,151,12,0.2(BDL),NA,1(BDL),0.2(BDL),NA,17°01.674,74°22.131'
5988,45755,Aug,0.527777778,"Krishna River at nagthane KT weir, nagthane, Tal-Walwa, Dist-Sangli",River,NA,NA,Sangli,Maharashtra,Maharashtra PCB,Monthly,Industrial Effluent,A (Drinking Water source without conventional treatment but after disinfection),,Industrial,Cloudy,Less than 50cm,Others,No,Clear,Odor Free,0,27,6.1,7.9,2618,3,1.24,8.3,34,1.8(BDL),1(BDL),5(BDL),1080,17.74,20,1.5(BDL),0.54,112,67.4,44.6,15.14,8,202,182,12,0.2(BDL),NA,1(BDL),0.2(BDL),NA,17.02545,74.39523
5989,45785,Aug,0.475694444,"Krishna River at krishna ghat, miraj Dist-Sangli",River,NA,NA,Sangli,Maharashtra,Maharashtra PCB,Monthly,Industrial Effluent,A (Drinking Water source without conventional treatment but after disinfection),,Industrial,Cloudy,Less than 50cm,Others,No,Muddish,Odor Free,0,26,6.2,7.9,2725,3,1.45,8.1,33,1.8(BDL),1(BDL),5(BDL),1160,18.54,20,1.68,0.61,113,69.4,43.6,19.24,8.4,204,184,12,0.2(BDL),NA,1(BDL),0.22,NA,16.78852,74.6315
5990,45785,Aug,0.53125,"Krishna River at new haripur bridge, Tal- Miraj, Dist-Sangli",River,NA,NA,Sangli,Maharashtra,Maharashtra PCB,Monthly,Industrial Effluent,A (Drinking Water source without conventional treatment but after disinfection),,Industrial,Cloudy,Less than 50cm,Others,No,Muddish,Odor Free,0,27,6.8,8,2348,2.8,1.1,6.1,26,1.8(BDL),1(BDL),5(BDL),1000,15.25,16,1.5(BDL),0.4,97.4,62,35.4,13.56,7,174,157,12,0.2(BDL),NA,1(BDL),0.22,NA,16.84793,74.53857
2164,45816,Aug,0.211805556,"Vashishti river at U/s of Three M Paper Mills near M/s Multifilms Plastic  Pvt. Ltd ., Village. Kherdi, Taluka. Chiplun, District. Ratnagiri.",River,Vashisthi,Vashisthi,Ratnagiri,Maharashtra,Maharashtra PCB,Monthly,Industrial Effluent,A (Drinking Water source without conventional treatment but after disinfection),,Industrial,Clear,Less than 50cm,Others,Yes,Clear,None,0,NA,6.8,7.3,130,2.6,0.58,6.8,26,1.8(BDL),1(BDL),5(BDL),56,5(BDL),12,1.5(BDL),0.4,60.6,34.8,25.8,6.01,5(BDL),102,92,12,0.2(BDL),NA,1(BDL),0.31,NA,17°31.513’,73°33.057’
2713,45816,Aug,0.722222222,"Vashishti river at D/s of Three M Paper Mills near Chiplun water intake  jackwell,  Village. Kherdi, Taluka. Chiplun, District. Ratnagiri.",River,Vashisthi,Vashisthi,Ratnagiri,Maharashtra,Maharashtra PCB,Monthly,Industrial Effluent,A (Drinking Water source without conventional treatment but after disinfection),,Industrial,Clear,Less than 50cm,Others,Yes,Clear,None,0,NA,6.7,7.3,129,2.8,0.55,4.5,22,1.8(BDL),1(BDL),5(BDL),62,5(BDL),16,1.5(BDL),0.56,58.4,32.4,26,6.29,5(BDL),101,91,11,0.2(BDL),NA,1(BDL),0.25,NA,17° 39.567’,73° 32.357’
2714,45816,Aug,0.670138889,"Vashishti river at U/s of Pophali near Konphansawane bridge, Village. Pophali, Taluka. Chiplun, District. Ratnagiri.",River,Vashisthi,Vashisthi,Ratnagiri,Maharashtra,Maharashtra PCB,Monthly,Industrial Effluent,A (Drinking Water source without conventional treatment but after disinfection),,Industrial,Clear,Less than 50cm,Others,Yes,Clear,None,0,NA,6,7.6,75,3,0.3(BDL),9.3,34,1.8(BDL),1(BDL),5(BDL),44,6.9,20,1.5(BDL),0.4,38.6,21.8,16.8,7.01,5(BDL),64,58,11,0.2(BDL),NA,1(BDL),0.23,NA,17° 26.266’,73° 39.420’
2804,45816,Aug,0.75,"Karambavane creek at Chiplun, Village. Karambavane, Taluka. Chiplun, District. Ratnagiri.",Creek,Karambavane,Karambavane,Ratnagiri,Maharashtra,Maharashtra PCB,Monthly,Industrial Effluent,A (Drinking Water source without conventional treatment but after disinfection),,Industrial,Clear,Less than 50cm,Others,Yes,Clear,None,0,NA,7,7.4,655,2.8,0.3(BDL),6,25,1.8(BDL),1(BDL),5(BDL),64,150.15,12,1.5(BDL),0.54,87.2,34.2,53,23.38,68,468,421,12,0.2(BDL),NA,1.64,0.2(BDL),NA,17° 34.867’,73° 25.913’
2676,45755,Aug,0.604166667,"Muchkundi river at Waked, Ratnagiri, near M/s Asahi India Glass Ltd., Village. Waked, Taluka. Lanja, District. Ratnagiri.",River,Muchkundi,Muchkundi,Ratnagiri,Maharashtra,Maharashtra PCB,Monthly,None,C (Drinking water source),,None,Clear,50-100cm,Idol Emersion Wading,Yes,Clear,Odor Free,0,28,6.9,7.4,153,2.8,0.34,5.6,24,1.8(BDL),1(BDL),5(BDL),34,26.39,12,1.5(BDL),0.62,41.2,15,26.2,14.3,12,118,106,12,0.2(BDL),NA,1(BDL),0.32,NA,16° 46.450’,73° 34.968’
2813,45755,Aug,0.420138889,"Sea Water at Ganapathipule, Village. Ganapatipule, Taluka. Ratnagiri,  District. Ratnagiri.",Sea,Ganptipule,Ganptipule,Ratnagiri,Maharashtra,Maharashtra PCB,Monthly,None,B (Outdoor bathing(Organized)),,None,Clear,50-100cm,"Bathing,Fishing,Boating,Tourism Spot,Idol Emersion Wading",Yes,Clear,Odor Free,0,28,6.9,7.9,47120,12,0.47,27,110,NA,1(BDL),14,104,18069.4,280,1.5(BDL),0.4,7390,1160,6230,3862,8300,38400,34560,14,0.2(BDL),NA,262,2.9,NA,17° 08.721’,73° 15.930’
2814,45755,Aug,0.5,"Sea water at Bhagwati Bunder, Ratnagiri near Ultra Tech Cement Jetty , Village. Mirkarwada, Taluka. Ratnagiri, District. Ratnagiri.",Sea,Bhagwati Bundar,Bhagwati Bundar,Ratnagiri,Maharashtra,Maharashtra PCB,Monthly,00-01-1900,B (Outdoor bathing(Organized)),,Muncipal Sewage,Clear,50-100cm,"Bathing,Fishing,Boating,Tourism Spot,Idol Emersion Wading",Yes,Clear,None,0,28,7,7.9,46480,14,0.51,32,120,NA,1(BDL),12,110,18344.31,288,1.5(BDL),0.4,6320,1160,5160,3208,8400,37600,33840,14,0.2(BDL),NA,283,2.7,NA,16° 59.932’,73° 16.349’
2815,45755,Aug,0.482638889,"Madvi sea water at Ratnagiri near Jodhale Maruti Temple,  Village. Madvigaon, Taluka. Ratnagiri, District. Ratnagiri.",Sea,Mandvi,Mandvi,Ratnagiri,Maharashtra,Maharashtra PCB,Monthly,Industrial Effluent,B (Outdoor bathing(Organized)),,Muncipal Sewage,Clear,50-100cm,"Bathing,Fishing,Boating,Tourism Spot,Idol Emersion Wading",Yes,Clear,Odor Free,0,28,6.8,7.9,29670,13,0.4,13,70,NA,1(BDL),8,86,10246.82,252,1.5(BDL),0.42,4015,775,3240,2699,5200,24200,21780,13,0.2(BDL),NA,212,2.4,NA,16° 59.312’,73° 17.055’
2790,45755,Aug,0.513888889,"Pimpal.Paneri nalla at Ratnagiri near Finolex Industries, Village. Yahganigaon, Taluka. Ratnagiri, District. Ratnagiri.",Nala,Pimpal Paneri,Pimpal Paneri,Ratnagiri,Maharashtra,Maharashtra PCB,Monthly,None,No Information,,None,Clear,50-100cm,Others,Yes,Clear,Odor Free,0,28,7.1,7.3,239,2.6,1.47,5.5,20,1.8(BDL),1(BDL),5(BDL),60,41.49,16,1.5(BDL),0.4,53.4,44.6,8.79,7.25,18,178,160,11,0.2(BDL),NA,1.12,0.42,NA,16° 55.175’,73° 17.944’
2199,45755,Aug,0.697916667,"Savitri river at Ovale village, Village. Ovale, Taluka. Mahad, District. Raigad.",River,Savitri,Savitri,Raigad,Maharashtra,Maharashtra PCB,Monthly,Industrial Effluent,A (Drinking Water source without conventional treatment but after disinfection),,Industrial,Clear,Less than 50cm,Fishing,Yes,Clear,None,0,28,6.8,7.7,105,3,0.3(BDL),5.6,22,1.8(BDL),1(BDL),5(BDL),46,18.59,16,1.5(BDL),0.4,48,25.2,22.8,9.6,8.5,91,78,12,0.2(BDL),NA,1(BDL),0.2(BDL),NA,18°04.239’,73°19.942’
2701,45755,Aug,0.510416667,"Savitri river Jackwell at Upsa kendre , Village. Nangalwadi, Taluka. Mahad, District. Raigad.",River,Savitri,Savitri,Raigad,Maharashtra,Maharashtra PCB,Monthly,Industrial Effluent,A (Drinking Water source without conventional treatment but after disinfection),,Industrial,Clear,Less than 50cm,"Washing,Fishing",Yes,Clear,None,0,28,6.9,7.6,92,2.8,0.3(BDL),6.1,27,1.8(BDL),1(BDL),5(BDL),46,6.7,16,1.5(BDL),0.41,42.6,27.8,14.8,9.2,5(BDL),76,68,11,0.2(BDL),NA,1(BDL),0.36,NA,18° 05.515’,73° 27.943’
2702,45755,Aug,0.590277778,"Savitri river at Shedav Dov, Village. Shedav Dov, Taluka. Mahad, District. Raigad.",River,Savitri,Savitri,Raigad,Maharashtra,Maharashtra PCB,Monthly,Industrial Effluent,A (Drinking Water source without conventional treatment but after disinfection),,Industrial,Clear,Less than 50cm,"Washing,Fishing",Yes,Clear,None,0,28,6.8,7.6,106,3,0.3(BDL),6.1,26,1.8(BDL),1(BDL),5(BDL),46,8.85,16,1.5(BDL),0.4,43.6,26.2,17.4,10.1,5(BDL),88,79,12,0.2(BDL),NA,1(BDL),0.45,NA,18° 05.177’,73° 26.613’
2703,45755,Aug,0.611111111,"Savitri river at Dadli road bridge, Village. Dadli, Taluka. Mahad, District. Raigad.",River,Savitri,Savitri,Raigad,Maharashtra,Maharashtra PCB,Monthly,Industrial Effluent,A (Drinking Water source without conventional treatment but after disinfection),,Industrial,Clear,Less than 50cm,Fishing,Yes,Clear,None,0,28,6.9,7.6,84,2.4,0.3(BDL),6.8,26,1.8(BDL),1(BDL),5(BDL),40,8.8,20,1.5(BDL),0.48,38.8,23.2,15.6,9.6,5(BDL),67,60,11,0.2(BDL),NA,1(BDL),0.55,NA,18° 04.455’,73° 25.237’
2704,45755,Aug,0.638888889,"Savitri river at Muthavali village,  Village. Muthavali, Taluka. Mahad, District. Raigad.",River,Savitri,Savitri,Raigad,Maharashtra,Maharashtra PCB,Monthly,Industrial Effluent,A (Drinking Water source without conventional treatment but after disinfection),,Industrial,Clear,Less than 50cm,Fishing,Yes,Clear,None,0,28,6.7,7.6,89,2.8,0.3(BDL),6.1,24,1.8(BDL),1(BDL),5(BDL),38,8.85,12,1.5(BDL),0.4,38.8,23.2,15.6,8.5,5(BDL),69,62,11,0.2(BDL),NA,1(BDL),0.32,NA,18° 04.317’,73° 23.647’
5996,45969,Aug,0.722222222,"Ulhas river neral, Tal- Karjat, Dist- Raigad",River,NA,NA,Raigad,Maharashtra,Maharashtra PCB,Monthly,Industrial Effluent,A (Drinking Water source without conventional treatment but after disinfection),,Industrial,Clear,Less than 50cm,"Bathing,Washing,Gardening,Others",Yes,Clear,None,0,29,7.2,7.4,148,3,0.59,14,140,1.8(BDL),8.64,5(BDL),72,14,12,1.5(BDL),0.4,62,32,30,5(BDL),8.21,120,106,14,0.24,0.5(BDL),1(BDL),0.2(BDL),NA,18.73856,73.32371
5997,45816,Aug,0.71875,"Kundalika river , kolad, Dist- Raigad",River,NA,NA,Raigad,Maharashtra,Maharashtra PCB,Monthly,Industrial Effluent,A (Drinking Water source without conventional treatment but after disinfection),,Industrial,Clear,Less than 50cm,"Bathing,Washing,Gardening,Others",Yes,Clear,None,0,28,7.2,7.6,225,3,0.3(BDL),23,140,1.8(BDL),1(BDL),5(BDL),32,15.5,8,1.5(BDL),0.4,30,14,16,5(BDL),7.15,192,168,10(BDL),0.2(BDL),0.5(BDL),1(BDL),0.2(BDL),NA,18.411402,73.2122
2165,45846,Aug,0.5,"Sea water at Gateway of India, Village. Colaba, Taluka. Colaba, District. Mumbai.",Sea, Gate Way of India, Gate Way of India,Mumbai,Maharashtra,Maharashtra PCB,Monthly,Industrial Effluent,No Information,,Industrial,Clear,Less than 50cm,Others,Yes,Clear,Odor Free,0,28,4.4,8,31140,16,0.95,220,540,NA,1.87,5(BDL),136,16994.73,80,2.24,0.4,3920,740,3180,1108,7885,30310,26673,48,0.24,1.48,99.3,0.57,NA,18°55.348’,72°50.081’
2166,45846,Aug,0.572916667,"Sea water at Charni road choupathy, Village. Girgaon, Taluka. Mumbai, District. Mumbai.",Sea,Churni Road,Churni Road,Mumbai,Maharashtra,Maharashtra PCB,Monthly,Industrial Effluent,No Information,,Industrial,Clear,Less than 50cm,Others,Yes,Clear,Odor Free,0,28,4.4,7.9,31220,14,0.93,220,920,NA,2.16,5(BDL),130,15995.04,76,2.24,0.44,3980,740,3240,1108,7158,29920,26330,50,0.22,1.53,356,0.56,NA,18°56.977’,72°49.127’
2167,45816,Aug,0.458333333,"Sea water at Worli seaface, Village. Worli, Taluka. Worli, District. Mumbai.",Sea,Worli Seaface,Worli Seaface,Mumbai,Maharashtra,Maharashtra PCB,Monthly,Industrial Effluent,No Information,,Industrial,Clear,Less than 50cm,Others,Yes,Clear,Odor Free,0,28,4.6,7.8,31240,12,0.95,140,540,NA,1.69,5(BDL),144,16794.79,72,2.24,0.4,4000,780,3220,1019,8499,30910,27201,48,0.23,1.6,216.4,0.55,NA,18°59.820’,72°48.722’
1318,45816,Aug,0.416666667,"Mahim creek at Mahim Bay, Village. Mahim, Taluka. Mumbai, District. Mumbai.",Creek,Mahim Creek,Mahim Creek,Mumbai,Maharashtra,Maharashtra PCB,Monthly,Industrial Effluent,No Information,,Industrial,Clear,Less than 50cm,Others,Yes,Clear,Odor Free,0,28,4.6,7.9,31010,14,0.93,430,920,NA,2.1,5(BDL),126,11746.36,64,2.24,0.4,4240,780,3420,1033,9127,27358,24195,32,0.24,1.72,201.55,0.53,NA,19° 02’,72° 48’
2811,45816,Aug,0.4375,"Sea water at Shivaji park ( Dadar choupathy), Village. Dadar, Taluka.Dadar,  District. Mumbai.",Sea,Shivaji Park ,Shivaji Park ,Mumbai,Maharashtra,Maharashtra PCB,Monthly,Industrial Effluent,No Information,,Industrial,Clear,Less than 50cm,Others,Yes,Clear,Odor Free,0,28,5,7.7,31360,8,0.93,220,920,NA,1.06,5(BDL),132,12596.09,76,2.24,0.4,3240,780,2460,967,6843,27858,24518,31,0.26,1.99,220.5,0.56,NA,19° 01.570’,72° 50.069’
2810,45846,Aug,0.604166667,"Sea water at Haji Ali, Village. Worli, Taluka. Worli, District. Mumbai.",Sea,Haji Ali,Haji Ali,Mumbai,Maharashtra,Maharashtra PCB,Monthly,Industrial Effluent,No Information,,Industrial,Clear,Less than 50cm,Others,Yes,Clear,Odor Free,0,28,4.4,7.8,31110,14,0.93,280,920,NA,1.53,5(BDL),132,12496.13,76,2.24,0.4,3180,720,2460,1047.5,6959,26445,23272,38,0.23,1.9,212.8,0.59,NA,18° 58.722’,72° 48.685’
2809,45846,Aug,0.583333333,"Sea water at Malabar Hill, Village. Walkeshwar,Taluka. Mumbai,District. Mumbai.",Sea, Malabar Hill, Malabar Hill,Mumbai,Maharashtra,Maharashtra PCB,Monthly,Industrial Effluent,No Information,,Industrial,Clear,Less than 50cm,Others,Yes,Clear,Odor Free,0,28,4.2,7.9,30670,16,1,94,540,NA,2.06,5(BDL),128,12296.19,80,2.24,0.4,5160,800,4360,1091,7940,26869,23645,34,0.24,1.89,213.05,0.57,NA,18° 57.176’,72° 48.400’
1317,45846,Aug,0.333333333,"Thane creek at Elephanta Island, Village. Elephanta Island , Taluka. Mumbai, District. Mumbai.",Creek, Eliphanta Island, Eliphanta Island,Mumbai,Maharashtra,Maharashtra PCB,Monthly,Industrial Effluent,No Information,,Industrial,Clear,Less than 50cm,Others,Yes,Clear,Odor Free,0,28,4.4,7.9,31260,12,0.95,140,540,NA,1.74,5(BDL),120,12995.97,60,2.24,0.4,4200,840,3360,1092.5,4879,27920,24572,38,0.25,1.95,126.55,0.58,NA,18° 57’,72° 57’
2808,45846,Aug,0.520833333,"Sea water at Nariman Point, Village. Colaba, Taluka. Colaba, District. Mumbai.",Sea,Narimen Point,Narimen Point,Mumbai,Maharashtra,Maharashtra PCB,Monthly,Industrial Effluent,No Information,,Industrial,Clear,Less than 50cm,Others,Yes,Clear,Odor Free,0,28,4.4,7.8,31030,14,0.94,130,430,NA,1.87,5(BDL),142,12396.16,60,2.24,0.4,4000,780,3220,1073.5,8795,27320,23892,31,0.23,1.76,235.9,0.6,NA,18° 55.534’,72° 49.108’
2168,45785,Aug,0.541666667,"Mithi river near Road bridge, Village. Mahim, Taluka. Bandra, District. Mumbai.",River,Mithi River,Mithi River,Mumbai,Maharashtra,Maharashtra PCB,Monthly,Industrial Effluent,No Information,,Muncipal Sewage,Clear,Less than 50cm,Others,Yes,Clear,None,0,28,0.3(BDL),7.4,648,38,1.93,1400,5400,110,2.79,5(BDL),178,77.98,112,19.04,11.68,130,84,46,22.43,38.98,488,414,20,1.95,0.5(BDL),11.36,0.2(BDL),NA,19°03.095’,72°50.907’
2169,45785,Aug,0.541666667,"Sea water at Versova beach, Village. Versova, Taluka. Andheri, District. Mumbai.",Sea,Versova Beach,Versova Beach,Mumbai,Maharashtra,Maharashtra PCB,Monthly,Industrial Effluent,No Information,,Muncipal Sewage,Clear,Less than 50cm,Others,Yes,Light Brown,None,0,28,4.8,7.8,33010,14,1.35,140,540,NA,1(BDL),5(BDL),116,13895.69,180,2.24,0.4,3740,700,3040,1942,6904,29048,25562,56,0.24,0.56,378.6,0.55,NA,19°08.321’,72°48.349’
2812,45785,Aug,0.541666667,"Sea water at Juhu beach,  Village. Juhugaon, Taluka. Santacruz,  District. Mumbai.",Sea,Juhu  Beach,Juhu  Beach,Mumbai,Maharashtra,Maharashtra PCB,Monthly,Industrial Effluent,No Information,,Muncipal Sewage,Clear,Less than 50cm,Others,Yes,Clear,None,0,28,4.4,8,32970,16,1.32,280,920,NA,1(BDL),5(BDL),122,14095.63,192,2.24,0.4,4600,720,3880,1901.5,7296,29222,25540,52,0.2(BDL),0.58,206.3,0.55,NA,19° 05.795’,72° 49.564’
2782,45816,Aug,0.572916667,"Rabodi nalla, Village. Rabodi,Taluka. Thane, District. Thane.",Nala,Rabodi,Rabodi,Thane,Maharashtra,Maharashtra PCB,Monthly,Industrial Effluent,A (Drinking Water source without conventional treatment but after disinfection),,Industrial,Clear,Less than 50cm,Others,Yes,Clear,None,0,28,0.3(BDL),7.2,721,44,1.98,220,540,NA,4.76,5(BDL),230,72.98,128,6.72,4.12,188,128,60,61.66,42.99,518,456,41,1.4,0.5(BDL),11.2,0.2(BDL),NA,19° 12.081’,72° 59.173’
2783,45816,Aug,0.597222222,"Colour chem  Nalla, Village. Majiwada,Taluka. Thane,District. Thane.",Nala,Colour Chem ,Colour Chem ,Thane,Maharashtra,Maharashtra PCB,Monthly,Industrial Effluent,A (Drinking Water source without conventional treatment but after disinfection),,Industrial,Clear,Less than 50cm,Others,Yes,Clear,None,0,28,1,7.4,711,30,2.09,140,540,NA,6.29,5(BDL),232,71.48,84,8.96,4.26,190,126,64,54.02,41.24,510,452,62,0.25,0.5(BDL),10.91,0.2(BDL),NA,19° 12.957’,72° 59.153’
2784,45816,Aug,0.631944444,"Sandoz nalla, Village. Sandozbaug,Taluka. Thane,District. Thane.",Nala,Sandoz ,Sandoz ,Thane,Maharashtra,Maharashtra PCB,Monthly,Industrial Effluent,A (Drinking Water source without conventional treatment but after disinfection),,Industrial,Clear,Less than 50cm,Others,Yes,Clear,None,0,28,0.9,7.3,717,35,2,110,430,NA,4.55,5(BDL),236,74.98,80,7.84,4.18,188,132,56,50.46,35,526,463,52,0.23,0.5(BDL),11.2,0.2(BDL),NA,19° 14.219’,72° 59.844’
2792,45816,Aug,0.482638889,"Ulhas creek at Mumbra Reti bunder, Village. Mumbra,Taluka. Thane, District. Thane.",Creek,Ulhas ,Ulhas ,Thane,Maharashtra,Maharashtra PCB,Monthly,Industrial Effluent,A (Drinking Water source without conventional treatment but after disinfection),,Industrial,Clear,Less than 50cm,Others,Yes,Clear,None,0,28,6.4,7.2,10750,4.6,0.85,220,920,NA,1.11,5(BDL),112,3673.86,8,2.24,0.4,1090,210,880,411,1713,9158,8059,45,0.2(BDL),0.63,57.82,0.24,NA,19° 12.573’,73° 01.068’
2793,45816,Aug,0.541666667,"Thane creek at Kalwa road bridge, Village. Kalwa,Taluka. Thane,District. Thane.",Creek,Thane ,Thane ,Thane,Maharashtra,Maharashtra PCB,Monthly,Industrial Effluent,A (Drinking Water source without conventional treatment but after disinfection),,Industrial,Clear,Less than 50cm,Others,Yes,Clear,None,0,28,5,7.3,10650,8.4,0.85,280,920,NA,1(BDL),5(BDL),110,3623.88,64,2.24,0.4,1240,210,1030,265.6,1660,9058,7972,46,0.2(BDL),0.64,68.28,0.24,NA,19° 11.736’,72° 59.152’
2794,45816,Aug,0.451388889,"Ulhas creek at Kolshet Reti bunder, Village. Kolshet, Taluka. Thane, District. Thane.",Creek,Ulhas ,Ulhas ,Thane,Maharashtra,Maharashtra PCB,Monthly,Industrial Effluent,A (Drinking Water source without conventional treatment but after disinfection),,Industrial,Clear,Less than 50cm,Others,Yes,Clear,None,0,28,6.4,7.3,10660,4.4,0.83,94,430,NA,1.06,5(BDL),104,3498.92,8,1.5(BDL),0.4,1050,210,840,386.8,1766.8,9062,7975,40,0.2(BDL),0.61,57.9,0.23,NA,19° 14.723’,72° 59.856’
2795,45816,Aug,0.416666667,"Ulhas creek at Gaimukh at Nagla Bunder on Ghod bunder road, Village. Nagla,Taluka. Thane,District. Thane.",Creek,Ulhas ,Ulhas ,Thane,Maharashtra,Maharashtra PCB,Monthly,Industrial Effluent,A (Drinking Water source without conventional treatment but after disinfection),,Industrial,Clear,Less than 50cm,Others,Yes,Clear,None,0,28,5.2,7.2,11190,7.4,0.85,110,540,NA,1(BDL),5(BDL),84,3523.91,44,2.24,0.4,1100,220,880,803.6,1531.5,9511,8370,58,0.28,0.6,57.29,0.24,NA,19° 17.229’,72° 56.310’
1316,45846,Aug,0.517361111,"Bassein creek at VasaiFort , Village. Bassein, Taluka. Vasai, District. Thane.",Creek,Bassein ,Bassein ,Thane,Maharashtra,Maharashtra PCB,Monthly,Industrial Effluent,A (Drinking Water source without conventional treatment but after disinfection),,Industrial,Clear,Less than 50cm,Others,Yes,Clear,None,0,29,4.4,7.6,27990,14,0.91,110,540,NA,2.35,5(BDL),102,12296.19,204,2.24,0.4,3420,560,2860,1536,4824.5,25589,22518,52,0.26,1.1,210,0.52,NA,19° 18’,72° 46’
2696,45846,Aug,0.604166667,"Pehlar Dam on Pehlar river. inlet of water works, Village. Pehlar, Taluka. Vasai, District. Thane.",Dam,Pehlar,Pehlar ,Thane,Maharashtra,Maharashtra PCB,Monthly,Industrial Effluent,A (Drinking Water source without conventional treatment but after disinfection),,Industrial,Clear,Less than 50cm,Others,Yes,Clear,None,0,29,7,7.5,1562,2,0.4,1.8(BDL),22,1.8(BDL),1.13,5(BDL),56,17.99,8,1.5(BDL),0.4,56,34,22,5(BDL),10.85,132,116,10(BDL),0.35,0.5(BDL),1(BDL),0.2(BDL),NA,19° 26.601’,72° 53.374’
2796,45846,Aug,0.635416667,"Ulhas creek at Versova bridge, Village. Versova, Taluka. Vasai, District. Thane.",Creek,Ulhas ,Ulhas ,Thane,Maharashtra,Maharashtra PCB,Monthly,Industrial Effluent,A (Drinking Water source without conventional treatment but after disinfection),,Industrial,Clear,Less than 50cm,Others,Yes,Clear,None,0,30,5,7.1,21890,8,1.03,110,430,NA,2.6,5(BDL),96,8797.27,72,2.24,0.4,2760,480,2280,1234,3320,19520,17177,52,0.27,1.03,116.18,0.42,NA,19° 17.225’,72° 54.337’
2797,45846,Aug,0.489583333,"Bhayander creek at D/s of Railway bridge at  Jasal park choupathy, Village. Navghar, Taluka. Bhayander, District. Thane.",Creek,Bhayander ,Bhayander ,Thane,Maharashtra,Maharashtra PCB,Monthly,Industrial Effluent,A (Drinking Water source without conventional treatment but after disinfection),,Industrial,Clear,Less than 50cm,Others,Yes,Clear,None,0,28,4.6,7.5,27180,14,0.96,170,920,NA,2.01,5(BDL),102,11996.28,216,2.24,0.4,3880,520,3360,935,5881,25642,22564,59,0.31,1.09,200.7,0.53,NA,19° 19.042’,72° 51.409’
2805,45846,Aug,0.552083333,"Arnala sea, Village. Arnala, Taluka. Vasai, District. Thane.",Sea,Arnala ,Arnala ,Thane,Maharashtra,Maharashtra PCB,Monthly,Industrial Effluent,A (Drinking Water source without conventional treatment but after disinfection),,Industrial,Clear,Less than 50cm,Others,Yes,Clear,None,0,29,4.8,7.8,37920,12,0.91,140,540,NA,2.71,5(BDL),108,16194.98,108,2.24,0.4,4640,760,3880,1471,8398,33290,29295,58,0.22,1.31,266.8,NA,NA,19° 26.951’,72° 44.950’
2806,45846,Aug,0.458333333,"Uttan sea at Bhayander, Village. Uttan, Taluka. Bhayander, District. Thane.",Sea,Uttan ,Uttan ,Thane,Maharashtra,Maharashtra PCB,Monthly,Industrial Effluent,A (Drinking Water source without conventional treatment but after disinfection),,Industrial,Clear,Less than 50cm,Others,Yes,Clear,None,0,26,4.4,7.7,39010,16,0.87,110,920,NA,10.1,5(BDL),118,15395.23,208,2.24,0.4,4840,720,4120,1612.5,7330,33158,29179,62,0.34,1.33,210.3,0.56,NA,19° 16.822’,72° 47.007’
2798,45816,Aug,0.420138889,"Kharekuran Murbe creek , Village. Kharekuran, Taluka. Palghar, District. Thane.",Creek,Kharekuran Murbe ,Kharekuran Murbe ,Thane,Maharashtra,Maharashtra PCB,Monthly,Industrial Effluent,A (Drinking Water source without conventional treatment but after disinfection),,None,Raining,Less than 50cm,Others,Yes,Light Brown,None,0,26,3.9,7.9,30560,18,0.62,140,540,NA,1.5,5(BDL),124,12696.06,208,1.5(BDL),0.4,4000,600,3400,973.5,6275,26892,23665,64,0.23,0.5(BDL),302,0.66,NA,19° 44.446’,72° 42.604’
2799,45816,Aug,0.479166667,"Dandi Creek, Village. Dandi, Taluka. Palghar, District. Thane.",Creek,Dandi ,Dandi ,Thane,Maharashtra,Maharashtra PCB,Monthly,Industrial Effluent,A (Drinking Water source without conventional treatment but after disinfection),,None,Raining,Less than 50cm,Others,Yes,Light Brown,None,0,26,4,8,30570,16,0.65,70,430,NA,1.44,5(BDL),122,13495.82,212,1.5(BDL),0.4,3800,660,3140,1057,7465,27384,24525,68,0.24,0.5(BDL),385,0.64,NA,19° 48.041’,72° 41.255’
2800,45816,Aug,0.4375,"Sarwali Creek, Village. Sarwali, Taluka. Palghar, District. Thane.",Creek,Sarwali ,Sarwali ,Thane,Maharashtra,Maharashtra PCB,Monthly,Industrial Effluent,A (Drinking Water source without conventional treatment but after disinfection),,None,Cloudy,Less than 50cm,Others,Yes,Clear,None,0,26,7.3,7.6,849,3,3.82,94,540,NA,1(BDL),5(BDL),184,130.96,20,5.6,0.4,262,156,106,26.32,65.3,721,635,14,0.2(BDL),0.5(BDL),6.94,1.1,NA,19° 46.201’,72° 45.091’
2807,45816,Aug,0.447916667,"Navapur sea, Village. Navapur, Taluka. Palghar, District. Thane.",Sea,Navapur ,Navapur ,Thane,Maharashtra,Maharashtra PCB,Monthly,Industrial Effluent,A (Drinking Water source without conventional treatment but after disinfection),,None,Raining,Less than 50cm,Others,Yes,Light Brown,None,0,26,4.4,7.8,29910,16,1.14,140,540,NA,1.47,5(BDL),130,13195.91,196,2.24,0.4,4120,640,3480,1119.5,6852,26120,22985,42,0.2(BDL),0.5(BDL),314.8,0.67,NA,19° 47.568’,72° 41.437’
2785,45816,Aug,0.458333333,"BPT, Navapur, Village. Navapur, Taluka. Palghar, District. Thane.",Nala,BPT Navapur ,BPT Navapur ,Thane,Maharashtra,Maharashtra PCB,Monthly,Industrial Effluent,A (Drinking Water source without conventional treatment but after disinfection),,None,Raining,Less than 50cm,Others,Yes,Blackish,None,0,26,0.3(BDL),7.4,5985,54,2.29,63,280,NA,19,5(BDL),526,1109.66,180,8.96,4.23,352,236,116,655.2,987.2,4985,4376,64,0.2(BDL),0.5(BDL),52.39,0.58,NA,19° 47.215’,72° 41.404’
2786,45816,Aug,0.496527778,"Tarapur MIDC Nalla ( near Sump 1), Village. MIDC Tarapur, Taluka. Palghar, District. Thane.",Nala,Tarapur MIDC Nalla,Tarapur MIDC Nalla,Thane,Maharashtra,Maharashtra PCB,Monthly,Industrial Effluent,A (Drinking Water source without conventional treatment but after disinfection),,None,Raining,Less than 50cm,Others,Yes,Light Brown,None,0,26,0.3(BDL),7.3,2473,58,21,33,280,NA,3.95,5(BDL),198,709.78,144,28,4.07,728,476,252,108.12,281.6,2138,1920,16,0.2(BDL),0.5(BDL),12.87,2.1,NA,19° 47.138’,72° 44.412’
2787,45816,Aug,0.510416667,"Tarapur MIDC Nalla ( Near Sump 2), Village. MIDC  Tarapur, Taluka. Palghar, District. Thane.",Nala,Tarapur MIDC Nalla,Tarapur MIDC Nalla,Thane,Maharashtra,Maharashtra PCB,Monthly,Industrial Effluent,A (Drinking Water source without conventional treatment but after disinfection),,None,Raining,Less than 50cm,Others,Yes,Light Brown,None,0,26,0.3(BDL),7.3,1728,110,1.41,40,220,NA,30.7,5(BDL),390,279.91,312,32.48,16.92,544,312,232,121.4,168.24,1690,1487,27,2,0.5(BDL),16.47,0.42,NA,19° 48.336’,72° 43.464’
2788,45816,Aug,0.520833333,"Tarapur MIDC Nalla ( Near Sump 3), Village. MIDC  Tarapur, Taluka. Palghar, District. Thane.",Nala,Tarapur MIDC Nalla,Tarapur MIDC Nalla,Thane,Maharashtra,Maharashtra PCB,Monthly,Industrial Effluent,A (Drinking Water source without conventional treatment but after disinfection),,None,Raining,Less than 50cm,Others,Yes,Pale Yellow,None,0,26,0.3(BDL),6.9,7297,210,2.16,33,280,NA,44.2,5(BDL),312,1909.41,624,28,14.9,736,280,456,548.6,1021,6202,5458,73,0.38,0.5(BDL),28.36,0.48,NA,19° 46.933’,72° 43.309’
2706,45816,Aug,0.416666667,"Surya River at U/S of Surya Dam, Village. Dhamni, Taluka. Vikramgad, District. Thane.",River,Surya ,Surya ,Thane,Maharashtra,Maharashtra PCB,Monthly,Industrial Effluent,A (Drinking Water source without conventional treatment but after disinfection),,None,Cloudy,Less than 50cm,Others,Yes,Clear,None,0,26,7.4,7.6,145,2.8,0.3(BDL),4,46,1.8(BDL),1(BDL),5(BDL),50,15,12,1.5(BDL),0.4,54,22,32,6.19,5(BDL),123,108,10(BDL),0.33,0.5(BDL),1(BDL),0.2(BDL),NA,19° 55.064’,72° 03.463’
2707,45816,Aug,0.4375,"Surya river at MIDC pumping station on Boisar . Chillarphata road, Village. Garvashet, Taluka. Palghar, District. Thane",River,Surya ,Surya ,Thane,Maharashtra,Maharashtra PCB,Monthly,Industrial Effluent,A (Drinking Water source without conventional treatment but after disinfection),,None,Cloudy,Less than 50cm,Others,Yes,Clear,None,0,26,7.2,7.5,145,3.2,0.3(BDL),1.8(BDL),22,1.8(BDL),1(BDL),5(BDL),46,15,32,1.5(BDL),0.4,66,32,34,6.82,5(BDL),124,105,10(BDL),0.31,0.5(BDL),1(BDL),0.2(BDL),NA,19° 47.134’,72° 50.362’
2708,45816,Aug,0.479166667,"Surya river at intake of Vasai.Virar water Scheme, Village. Masvan, Taluka. Palghar, District. Thane.",River,Surya ,Surya ,Thane,Maharashtra,Maharashtra PCB,Monthly,Industrial Effluent,A (Drinking Water source without conventional treatment but after disinfection),,None,Cloudy,Less than 50cm,Others,Yes,Clear,None,0,26,7.4,7.7,151,3,0.3(BDL),6,140,1.8(BDL),1(BDL),5(BDL),54,15.5,24,1.5(BDL),0.4,52,28,24,6.11,5.67,128,112,10(BDL),0.36,0.5(BDL),1(BDL),0.2(BDL),NA,19° 41.862’,72° 51.060’
2801,45816,Aug,0.506944444,"Savta Creek, Village. Savta, Taluka. Dahanu, District. Thane.",Creek,Savta ,Savta ,Thane,Maharashtra,Maharashtra PCB,Monthly,Industrial Effluent,A (Drinking Water source without conventional treatment but after disinfection),,None,Cloudy,Less than 50cm,Others,Yes,Clear,None,0,26,4,7.8,10890,12.5,0.68,140,540,NA,1.37,5(BDL),136,3598.88,84,1.5(BDL),0.4,1240,240,1000,291.6,2010,9256,8145,45,0.4,0.5(BDL),101,0.28,NA,19° 57.905’,72° 46.792’
2802,45816,Aug,0.545138889,"Dahanu Creek at Dahanu Fort, Village. Danugaon, Taluka. Dahanu, District. Thane.",Creek,Dahanu ,Dahanu ,Thane,Maharashtra,Maharashtra PCB,Monthly,Industrial Effluent,A (Drinking Water source without conventional treatment but after disinfection),,None,Cloudy,Less than 50cm,Others,Yes,Clear,None,0,26,4.2,8,10840,14,0.69,220,920,NA,1.55,5(BDL),138,3523.91,88,1.5(BDL),0.4,1200,270,930,291.6,1983,9214,8108,38,0.38,0.5(BDL),113.1,0.29,NA,19° 58.312’,72° 43.132’
1092,45755,Aug,0.458333333,"Kalu river at Atale village, Village. Atale, Taluka. Kalyan, District. Thane.",River,Kalu ,Kalu ,Thane,Maharashtra,Maharashtra PCB,Monthly,Industrial Effluent,A (Drinking Water source without conventional treatment but after disinfection),,Industrial,Clear,Less than 50cm,Others,Yes,Clear,None,5,28,6,7.7,152,3.8,0.72,17,110,1.8(BDL),4.61,5(BDL),70,11,8,1.5(BDL),0.4,60,34,26,6.23,5.35,128,112,10(BDL),0.2(BDL),0.5(BDL),1(BDL),0.2(BDL),NA,19° 27’,73° 10’
2791,45755,Aug,0.496527778,"Ulhas creek at Reti bunder at D/s of Kalyan. Bhiwandi bridge, Village. Kalyan, Taluka. Kalyan, District. Thane.",Creek,Ulhas ,Ulhas ,Thane,Maharashtra,Maharashtra PCB,Monthly,Industrial Effluent,A (Drinking Water source without conventional treatment but after disinfection),,Industrial,Clear,Less than 50cm,Others,Yes,Clear,None,5,28,6,7.6,193,3.8,0.68,63,540,NA,2.45,5(BDL),82,16,8,1.5(BDL),0.4,70,38,32,8.04,7.8,160,140,10(BDL),0.2(BDL),0.5(BDL),1.72,0.2(BDL),NA,19° 15.71’,73° 07.043’
1093,45755,Aug,0.447916667,"Ulhas river at U/s of NRC Bund, Village. Mohane, Taluka. Kalyan, District. Thane.",River,Ulhas ,Ulhas ,Thane,Maharashtra,Maharashtra PCB,Monthly,None,No Information,,None,Clear,Greater than 100cm,Others,No,Clear,Odor Free,0,27,7,7.6,202,3.2,0.59,1.8(BDL),120,1.8(BDL),1.99,5(BDL),84,15,8,1.5(BDL),0.4,78,40,38,7.97,8.31,172,151,10(BDL),0.36,0.5(BDL),1(BDL),0.2(BDL),NA,19° 15’,73° 15’
2162,45755,Aug,0.600694444,"Ulhas river at Jambhul water works, Village. Jambhul, Taluka. Ambernath, District. Thane.",River,Ulhas ,Ulhas ,Thane,Maharashtra,Maharashtra PCB,Monthly,None,No Information,,None,Clear,Greater than 100cm,Others,No,Clear,Odor Free,0,28,7.4,7.7,188,3,0.53,1.8(BDL),79,1.8(BDL),1.34,5(BDL),80,14.5,12,1.5(BDL),0.4,70,36,34,6.07,7.97,160,141,10(BDL),0.32,0.5(BDL),1.39,0.2(BDL),NA,19°12.012’,73°13.612’
1094,45755,Aug,0.635416667,"Ulhas river at U/s of Badlapur water works, Village. Kulgaon, Taluka. Ambernath, District. Thane.",River,Ulhas ,Ulhas ,Thane,Maharashtra,Maharashtra PCB,Monthly,None,No Information,,None,Clear,Greater than 100cm,Others,Yes,Clear,Odor Free,0,28,6.8,7.7,194,3.4,0.45,1.8(BDL),58,1.8(BDL),1.11,5(BDL),76,15,8,1.5(BDL),0.4,70,38,32,5.13,5.75,162,143,10(BDL),0.31,0.5(BDL),1(BDL),0.2(BDL),NA,19°08.969’,73°15.205 ’
2653,45816,Aug,0.458333333,"Bhatsa River at D/s of Liberty Oil Mills, Satnel, Shahapur, Thane.",River,Bhatsa river,Bhatsa ,Thane,Maharashtra,Maharashtra PCB,Monthly,None,A (Drinking Water source without conventional treatment but after disinfection),,None,Clear,Less than 50cm,Others,No,Clear,Odor Free,0,26,7,8,879,3.2,0.37,94,430,6,1(BDL),5(BDL),328,77.98,24,1.5(BDL),0.4,274,158,116,32.88,43.14,747,657,10(BDL),0.2(BDL),0.5(BDL),2.68,0.2(BDL),NA,19° 26.874’,73° 20.964’
2654,45816,Aug,0.479166667,"Bhatsa River at U/s of Liberty Oil Mills, Satnel, Shahapur, Thane.",River,Bhatsa river,Bhatsa ,Thane,Maharashtra,Maharashtra PCB,Monthly,None,A (Drinking Water source without conventional treatment but after disinfection),,None,Clear,Less than 50cm,Others,No,Clear,Odor Free,0,29,7.4,7.9,878,2.8,0.41,94,280,1.8(BDL),1(BDL),5(BDL),326,74.98,8,1.5(BDL),0.4,284,168,116,38.78,30.44,742,651,10(BDL),0.2(BDL),0.5(BDL),2.04,0.2(BDL),NA,19° 27.011’,73° 21.270’
2709,45816,Aug,0.625,"Tansa river near road bridge, Village. Dakewali, Taluka. Wada, District. Thane.",River,Tansa ,Tansa ,Thane,Maharashtra,Maharashtra PCB,Monthly,None,A (Drinking Water source without conventional treatment but after disinfection),,None,Clear,Less than 50cm,Others,No,Clear,Odor Free,0,28,7,7.8,876,3.2,0.49,6,94,1.8(BDL),1(BDL),5(BDL),330,76.98,8,1.5(BDL),0.4,272,158,114,37.02,36.48,744,655,10(BDL),0.2(BDL),0.5(BDL),3.41,0.2(BDL),NA,19° 29.111’,73° 04.944’
2712,45816,Aug,0.645833333,"Vaitarna river near road bridge, Village. Gandhare, Taluka. Wada, District. Thane.",River,Vaitarna ,Vaitarna ,Thane,Maharashtra,Maharashtra PCB,Monthly,None,A (Drinking Water source without conventional treatment but after disinfection),,None,Clear,Less than 50cm,Others,No,Clear,Odor Free,0,28,6.9,7.9,901,3,0.34,6,110,1.8(BDL),1(BDL),5(BDL),332,75.98,28,1.5(BDL),0.4,266,162,104,38.85,50.55,765,674,10(BDL),0.2(BDL),0.5(BDL),4.11,0.2(BDL),NA,19° 37.957’,73° 07.799’
1461,45816,Aug,0.5,"Bhatsa river at D/s of Pise Dam, Village. Pise, Taluka. Bhiwandi, District. Thane.",River,Bhatsa ,Bhatsa ,Thane,Maharashtra,Maharashtra PCB,Monthly,None,No Information,,None,Clear,Less than 50cm,Others,Yes,Clear,Odor Free,0,30,7.2,7.8,171,3,0.89,1.8(BDL),94,1.8(BDL),1(BDL),5(BDL),80,12,8,2.24,0.4,80,40,40,5(BDL),7.66,145,126,10(BDL),0.28,0.5(BDL),1(BDL),0.2(BDL),NA,19°18.919',73°10.991 '
2185,45785,Aug,0.666666667,Vashi Creek at Vashi Bridge,Creek,Vashi Creek,NA,Thane,Maharashtra,Maharashtra PCB,Monthly,Industrial Effluent,A (Drinking Water source without conventional treatment but after disinfection),,Industrial,Clear,Less than 50cm,Fishing,Yes,Clear,None,1,29,4.4,7.5,13580,12,1.1,140,540,NA,1(BDL),5(BDL),116,4448.62,132,2.24,0.4,1420,250,1170,639.4,2054,11210,9864,37,0.2(BDL),0.5(BDL),99.2,0.4,NA,19°03.832’,72°58.682’
2184,45755,Aug,0.059027778,Vashi Creek at Airoli Bridge,Creek,Vashi Creek,NA,Thane,Maharashtra,Maharashtra PCB,Monthly,Industrial Effluent,A (Drinking Water source without conventional treatment but after disinfection),,Industrial,Clear,Less than 50cm,Others,Yes,Clear,None,0,26,4.5,7.2,1866,14,0.69,110,920,NA,15.6,5(BDL),186,485.85,72,2.24,1.23,262,106,156,74.8,242,1578,1389,53,1.36,0.5(BDL),31.6,0.2(BDL),NA,19°08.997’,72°59.031’
5793,45755,Aug,0.100694444,Thane creek Flamingo Sanctuary,Creek,NA,NA,Thane,Maharashtra,Maharashtra PCB,Monthly,Industrial Effluent,A (Drinking Water source without conventional treatment but after disinfection),,Industrial,Clear,Less than 50cm,Others,Yes,Clear,None,0,26,4.4,7.3,1874,12,0.8,38,920,NA,16.9,5(BDL),202,471.85,80,2.24,1.25,254,104,150,52.76,262.97,1592,1402,55,1.36,0.5(BDL),31.52,0.2(BDL),NA,19.148643,72.98188
1151,45785,Aug,0.684027778,"Patalganga river at Shilphata bridge, Village.Khopoli,Taluka. Khalapur, District. Raigad.",River,Patalganga ,Patalganga ,Raigad,Maharashtra,Maharashtra PCB,Monthly,Industrial Effluent,A (Drinking Water source without conventional treatment but after disinfection),,Industrial,Clear,Less than 50cm,Others,Yes,Clear,None,0,27,6.8,7.3,144,3.8,0.3(BDL),63,540,6,1(BDL),5(BDL),32,11,20,1.5(BDL),0.4,36,16,20,11.27,5.95,122,107,10(BDL),0.3,0.5(BDL),1(BDL),0.2(BDL),NA,18°48.075 ’,73°19.391’
1462,45785,Aug,0.548611111,"Patalganga river near intake of MIDC water works  (Turade w/w). Village. Turade, Taluka. Khalapur, District. Raigad.",River,Patalganga ,Patalganga ,Raigad,Maharashtra,Maharashtra PCB,Monthly,Industrial Effluent,A (Drinking Water source without conventional treatment but after disinfection),,Industrial,Clear,Less than 50cm,Others,Yes,Clear,None,0,28,7,7.6,191,3.4,0.54,14,130,1.8(BDL),1(BDL),5(BDL),68,17.99,16,1.5(BDL),0.4,72,36,36,15.27,5.04,165,145,10(BDL),0.33,0.5(BDL),1(BDL),0.2(BDL),NA,18°53.222',73°10.761 '
2685,45785,Aug,0.503472222,"Patalganga river at D/s of Kharpada bridge , Village. Kharpada, Taluka. Khalapur, District. Raigad.",River,Patalganga ,Patalganga ,Raigad,Maharashtra,Maharashtra PCB,Monthly,Industrial Effluent,A (Drinking Water source without conventional treatment but after disinfection),,Industrial,Clear,Less than 50cm,Others,Yes,Clear,None,0,27,6.6,7.7,197,4,0.63,33,220,6,1(BDL),5(BDL),72,17.99,24,1.5(BDL),0.4,70,40,30,10.94,7.6,174,153,10(BDL),0.38,0.5(BDL),1(BDL),0.2(BDL),NA,18° 50.259’,73° 05.339’
2686,45785,Aug,0.576388889,"Patalganga river at Vyal Pump house,  Village. Vyal,  Taluka. Khalapur, District. Raigad.",River,Patalganga ,Patalganga ,Raigad,Maharashtra,Maharashtra PCB,Monthly,Industrial Effluent,A (Drinking Water source without conventional treatment but after disinfection),,Industrial,Clear,Less than 50cm,Others,Yes,Clear,None,0,27,6.7,7.8,161,4,0.38,9.3,280,1.8(BDL),1(BDL),5(BDL),64,16.49,24,1.5(BDL),0.4,60,34,26,7.7,6.5,137,121,10(BDL),0.2(BDL),0.5(BDL),1(BDL),0.2(BDL),NA,18° 52.275’,73° 12.475’
2687,45785,Aug,0.618055556,"Patalganga river at Khalapur pumping station, Village. Khalapur, Taluka. Khalapur, District. Raigad.",River,Patalganga ,Patalganga ,Raigad,Maharashtra,Maharashtra PCB,Monthly,Industrial Effluent,A (Drinking Water source without conventional treatment but after disinfection),,Industrial,Clear,Less than 50cm,Others,Yes,Clear,None,0,27,7,7.6,225,3,0.54,14,350,1.8(BDL),1(BDL),5(BDL),82,18.99,16,1.5(BDL),0.4,86,48,38,18.29,7.65,191,167,10(BDL),0.2(BDL),0.5(BDL),1(BDL),0.2(BDL),NA,18° 49.504’,73° 17.000’
2688,45785,Aug,0.611111111,"Patalganga river at Savroli bridge, Village. Savroli,Taluka. Khalapur,District. Raigad.",River,Patalganga ,Patalganga ,Raigad,Maharashtra,Maharashtra PCB,Monthly,Industrial Effluent,A (Drinking Water source without conventional treatment but after disinfection),,Industrial,Clear,Less than 50cm,Others,Yes,Clear,None,0,28,6.8,7.7,222,3.2,0.54,63,540,6,1(BDL),5(BDL),84,17.99,24,1.5(BDL),0.4,84,46,38,17.5,7.5,188,161,10(BDL),0.2(BDL),0.5(BDL),1(BDL),0.2(BDL),NA,18° 49.020’,73° 17.201’
2689,45785,Aug,0.694444444,"Patalganga river at Gagangiri Maharaj Temple, Village. Khopoli, Taluka. Khalapur, District. Raigad.",River,Patalganga ,Patalganga ,Raigad,Maharashtra,Maharashtra PCB,Monthly,Industrial Effluent,A (Drinking Water source without conventional treatment but after disinfection),,Industrial,Clear,Less than 50cm,Others,Yes,Clear,None,0,27,7,7.1,55,3.2,0.3(BDL),40,280,1.8(BDL),1(BDL),5(BDL),26,10,16,1.5(BDL),0.4,20,12,8,5(BDL),5(BDL),51,44,10(BDL),0.24,0.5(BDL),1(BDL),0.2(BDL),NA,18° 47.216’,73° 21.164’
2803,45785,Aug,0.760416667,"Panvel creek at Kopra bridge, Village. Kopra,Taluka. Panvel, District. Raigad.",Creek,Panvel ,Panvel ,Raigad,Maharashtra,Maharashtra PCB,Monthly,Industrial Effluent,A (Drinking Water source without conventional treatment but after disinfection),,Industrial,Clear,Less than 50cm,Others,Yes,Clear,None,0,27,6.8,7.4,193,3.4,0.63,130,540,NA,1(BDL),5(BDL),72,18.99,20,1.5(BDL),0.4,74,42,32,11.89,9.65,162,143,10(BDL),0.22,0.5(BDL),1(BDL),0.2(BDL),NA,19° 02.053’,73° 04.997’
1152,45816,Aug,0.670138889,"Kundalika river at Roha bridge,  Village.Roha, Taluka. Roha, District. Raigad.",River,Kundalika,Kundalika,Raigad,Maharashtra,Maharashtra PCB,Monthly,Industrial Effluent,A (Drinking Water source without conventional treatment but after disinfection),,Industrial,Clear,Less than 50cm,"Bathing,Washing,Gardening,Others",Yes,Clear,None,0,29,7.4,7.7,158,1.8,0.3(BDL),94,430,6,1(BDL),5(BDL),36,12,8,1.5(BDL),0.4,28,14,14,5(BDL),6.6,134,118,10(BDL),0.38,0.5(BDL),1(BDL),0.2(BDL),NA,18°26.444 ’,73°07.245’
2198,45816,Aug,0.663194444,"Kundalika river at Are Khurd (Saline zone), Village.Arekhurd,Taluka. Roha, District. Raigad.",River,Kundalika,Kundalika,Raigad,Maharashtra,Maharashtra PCB,Monthly,Industrial Effluent,A (Drinking Water source without conventional treatment but after disinfection),,Industrial,Clear,Less than 50cm,"Bathing,Washing,Gardening,Others",Yes,Clear,None,0,29,7.2,7.5,120,3,0.3(BDL),140,540,9.3,1(BDL),5(BDL),42,18.49,8,1.5(BDL),0.4,36,20,16,5(BDL),9.96,101,89,10(BDL),0.27,0.5(BDL),1(BDL),0.2(BDL),NA,18°28.941’,73°02.911’
2671,45816,Aug,0.572916667,"Kundalika river near Salav bridge (Saline zone), Village.Salav, Taluka. Roha, District. Raigad.",River,Kundalika,Kundalika,Raigad,Maharashtra,Maharashtra PCB,Monthly,Industrial Effluent,A (Drinking Water source without conventional treatment but after disinfection),,Industrial,Clear,Less than 50cm,"Bathing,Washing,Gardening,Others",Yes,Clear,None,0,29,6.6,7.5,13710,3.8,0.51,140,540,9.3,1.09,5(BDL),70,4773.52,8,1.5(BDL),0.4,1420,230,1190,380.2,2281.5,11653,10255,28,0.2(BDL),0.69,89.24,0.25,NA,18° 32.327’,72°56.119 ’
2672,45816,Aug,0.694444444,"Kundalika river at Dhatav at Jackwell , Village. Dhatav,Taluka. Roha, District. Raigad.",River,Kundalika,Kundalika,Raigad,Maharashtra,Maharashtra PCB,Monthly,Industrial Effluent,A (Drinking Water source without conventional treatment but after disinfection),,Industrial,Clear,Less than 50cm,"Bathing,Washing,Gardening,Others",Yes,Clear,None,0,29,7.2,7.6,99,2.8,0.3(BDL),33,280,1.8(BDL),1(BDL),5(BDL),32,16,28,1.5(BDL),0.4,28,16,12,5(BDL),6.25,84,74,10(BDL),0.38,0.5(BDL),1(BDL),0.2(BDL),NA,18° 25.819’,73° 09.819’
2651,45816,Aug,0.739583333,"Amba river at D/s of Waken bridge, Village. Waken phata, Taluka. Roha, District. Raigad. ( u/s of the jackwells of M/s Supreme Petrochemicals & MIDC )",River,Kundalika,Kundalika,Raigad,Maharashtra,Maharashtra PCB,Monthly,Industrial Effluent,A (Drinking Water source without conventional treatment but after disinfection),,Industrial,Clear,Less than 50cm,"Bathing,Washing,Gardening,Others",Yes,Clear,None,0,28,7.4,7.8,135,2.8,0.3(BDL),17,220,1.8(BDL),1(BDL),5(BDL),58,12,8,1.5(BDL),0.4,54,28,26,5(BDL),6.16,113,100,10(BDL),0.31,0.5(BDL),1(BDL),0.2(BDL),NA,18° 31.150’,73° 09.434’
2695,45785,Aug,0.503472222,"Pedhi river near road bridge at Dadhi. Pedhi village, Village. Dadhi. Pedhi, Taluka. Bhatkuli, District. Amravati.",River,Pedhi ,Pedhi ,Amravati,Maharashtra,Maharashtra PCB,Monthly,Industrial Effluent,"E (Irrigation, industrial cooling and controlled waste)",,None,Clear,Less than 50cm,"Bathing,Washing",No,slightly Turbit,organic,0.5,29,4.3,8.1,1046,4.8,1.33,94,170,1.8(BDL),1(BDL),5(BDL),354,103.62,20,1.5(BDL),0.4,386.2,216.6,169.6,103.92,92.9,708,601,20,0.2(BDL),0.5(BDL),7.7,0.2(BDL),NA,20° 49.532’,77° 33.783’
2700,45785,Aug,0.625,"Purna river near Achalpur. Amravati road bridge, Asegaon, Village. Asegaon,Taluka. Chandur Bazar, District. Amravati.",River,Purna ,Purna ,Amravati,Maharashtra,Maharashtra PCB,Monthly,Industrial Effluent,"E (Irrigation, industrial cooling and controlled waste)",,None,Clear,50-100cm,"Bathing,Washing",Yes,Slightly Turbit,organic,0.7,29,6.6,8.5,262,3.6,0.31,2,4.5,1.8(BDL),1.4,9.6,145,11.8,12,1.5(BDL),0.4,123,60.4,62.6,10.42,23,194,163,19,0.2(BDL),0.5(BDL),1.8,NA,NA,20° 54.396’,77° 36.817’
5993,45785,Aug,0.586805556,Chandrabhaga river at chandur jahanpur thesil daryapur Dist- Amravati,River,NA,NA,Amravati,Maharashtra,Maharashtra PCB,Monthly,Industrial Effluent,"E (Irrigation, industrial cooling and controlled waste)",,None,Clear,50-100cm,"Bathing,Washing",Yes,Slightly Turbit,Odor Free,0.5,29,6,8.5,384,4.2,0.41,79,240,1.8(BDL),4.1,9,179,27.14,16,1.5(BDL),0.4,135,78.6,56.4,18.94,36.9,277,235,16,0.2(BDL),0.5(BDL),2.7,NA,NA,20.941,77.338
5994,45785,Aug,0.548611111,"Purna river at Kolhapur Tal- Daryapur, Dist- Amravati",River,NA,NA,Amravati,Maharashtra,Maharashtra PCB,Monthly,Industrial Effluent,"E (Irrigation, industrial cooling and controlled waste)",,None,Clear,50-100cm,"Bathing,Washing",Yes,Clear,None,0.5,27,6.7,8.5,339,3.8,1.29,110,280,1.8(BDL),2.9,11.8,1952,25.44,16,1.5(BDL),0.4,190.8,105.4,85.4,18.94,32.1,272,234,14,ND,0.5(BDL),2.5,NA,NA,20.944,77.502
5978,45785,Aug,0.5625,"Penganga river at washim- risod road bridge, village asegaonpen, Tal-risod, dist- washim",River,NA,NA,Amravati,Maharashtra,Maharashtra PCB,Monthly,Industrial Effluent,"E (Irrigation, industrial cooling and controlled waste)",,None,Clear,50-100cm,"Bathing,Washing",No,Turbit,organic,0.5,27,6.8,8.5,415,4.1,1.4,220,350,1.8(BDL),6.4,10.8,190,22.49,12,1.5(BDL),0.4,179.8,110.4,69.4,20.14,31.3,278,239,23,ND,0.5(BDL),2.7,NA,NA,20.0338238,76.9576
1913,45755,Aug,0.1875,"Purna River at Dhupeshwar at u/s of Malkapur water works, Malkapur, Dist.Akola",River,Purna ,Purna ,Akola,Maharashtra,Maharashtra PCB,Monthly,None,A (Drinking Water source without conventional treatment but after disinfection),,None,Clear,Less than 50cm,Others,Yes,Clear,None,3,21,7,8.6,496,4.4,3.2,79,130,1.8(BDL),55,12,196,41.04,12,2.24,0.51,205.2,123.6,81.6,30,42.2,340,285.6,22,0.2(BDL),0.5(BDL),3.4,0.2(BDL),NA,"20  ?09.010'N,","76  ? 33.625' E,"
2155,45785,Aug,0.381944444,"Purna river at D/s of confluence of Morna and Purna, at Andura Village, Village. Andura, Taluka. Balapur, District. Akola.",River,Morna ,Morna ,Akola,Maharashtra,Maharashtra PCB,Monthly,None,A (Drinking Water source without conventional treatment but after disinfection),,None,Clear,Less than 50cm,Others,Yes,Clear,None,3,25,7,8.5,565,4.7,3.5,79,170,1.8(BDL),8.3,12.2,226,63.48,16,1.5(BDL),0.4,244.2,135.4,108.8,43.56,64.9,430,374.1,36,0.24,0.5(BDL),4.2,NA,NA,20  ?53.200N,76  ?51.364 E
2675,45785,Aug,0.506944444,Morna River D/s of Railway Bridge Akola ,River,Morna ,Morna ,Akola,Maharashtra,Maharashtra PCB,Monthly,None,A (Drinking Water source without conventional treatment but after disinfection),,None,Clear,Less than 50cm,Others,Yes,Clear,None,3,25,4.4,7.8,768,9.1,2.66,130,220,1.8(BDL),1.1,5(BDL),354,57.73,32,1.5(BDL),0.4,345.4,187,158.4,45.7,60,520,447.2,58,0.2(BDL),0.5(BDL),8.5,NA,NA,20° 09.016’,77° 33.622’
2699,45755,Aug,0.399305556,Penganga River at Mehkar .Buldana Bridge.Akola,River,Penganga ,Penganga ,Akola,Maharashtra,Maharashtra PCB,Monthly,None,A (Drinking Water source without conventional treatment but after disinfection),,None,Clear,Less than 50cm,Others,Yes,Clear,None,3,22,6.8,8.2,697,4,0.76,280,350,1.8(BDL),1(BDL),5(BDL),220,81.47,16,2.8,0.51,282.6,162.6,120,29.28,35.8,463,388,21,0.2(BDL),0.5(BDL),4.5,0.2(BDL),NA,20  ?09.010' N,"76  ? 33.625' E,"
5792,45755,Aug,0.4375,"Lonar surovar lake, near kamalja devi temple. Tal- lonar Dist- Buldhana",Lake,NA,NA,Akola,Maharashtra,Maharashtra PCB,Monthly,None,A (Drinking Water source without conventional treatment but after disinfection),,None,Clear,Less than 50cm,Others,Yes,Clear,None,3,20,5.6,9.7,74240,31,1.6,1.8(BDL),1.8(BDL),1.8(BDL),1.9,428,1530,1044.68,128,1.68,0.4,146.8,35.4,111.4,108.6,1932.5,4751,4038,18,0.2(BDL),0.5(BDL),5,NA,NA,19.9719,76.50603
1908,45816,Aug,0.559027778,"Kolar river before confluence with Kanhan river at Waregaon Bridge, Village. Waregaon, Taluka.Kamptee, District.Nagpur.",River,Kanhan ,Kanhan ,Nagpur,Maharashtra,Maharashtra PCB,Monthly,Municipal Sewage,"E (Irrigation, industrial cooling and controlled waste)",,None,Clear,Less than 50cm,"Bathing,Washing,Fishing",Yes,Clear,None,0,22,5.1,8.5,713,4.8,1.19,110,280,1.8(BDL),1(BDL),14.2,243,65.98,24,2.24,0.63,301,176.4,124.6,68.16,57.9,478,387,26,1.11,0.5(BDL),4.1,0.2(BDL),NA,21° 13',79° 12'
2170,45816,Aug,0.590277778,"Kanhan river at U/s of M/s Vidarbha Paper Mills, Village. Sinora, Taluka. Parseoni, District. Nagpur.",River,Kanhan ,Kanhan ,Nagpur,Maharashtra,Maharashtra PCB,Monthly,Municipal Sewage,"E (Irrigation, industrial cooling and controlled waste)",,None,Clear,Less than 50cm,"Bathing,Washing,Fishing",Yes,Clear,None,0,22,7.6,8.6,405,3.5,1.79,79,140,1.8(BDL),5.3,11.8,180,18.49,12,3.36,1.13,194.4,123.6,70.8,30.85,23.3,304,249,32,0.2(BDL),0.5(BDL),2.5,0.2(BDL),NA,21°12.679’,79°14.127’
2171,45816,Aug,0.59375,"Kanhan river at D/s of M/s Vidarbha Paper Mills,  Village. Sinora, Taluka. Parseoni, District. Nagpur.",River,Kanhan ,Kanhan ,Nagpur,Maharashtra,Maharashtra PCB,Monthly,Municipal Sewage,"E (Irrigation, industrial cooling and controlled waste)",,None,Clear,Less than 50cm,"Bathing,Washing,Fishing",Yes,Clear,None,0,22,7,8.6,410,4.4,2.08,140,280,1.8(BDL),3.1,10.8,178,16.49,20,2.8,0.86,189.8,125.4,64.4,30.85,26.1,274,230,54,0.2(BDL),0.5(BDL),2.6,0,NA,21°12.575’,79°14.203’
1315,45846,Aug,0.6875,"Wardha river at Pulgaon Railway Bridge, Village. Pulgaon,Taluka . Wardha, District. Wardha.",River,Wardha ,Wardha ,Nagpur,Maharashtra,Maharashtra PCB,Monthly,Municipal Sewage,"E (Irrigation, industrial cooling and controlled waste)",,None,Clear,Less than 50cm,"Bathing,Fishing",Yes,Clear,None,0,22,6.9,8.5,421,3,2.32,49,170,1.8(BDL),1(BDL),11.6,215,19.99,12,1.5(BDL),0.4,198.6,109,89.6,20.32,38.2,290,238,16,0.2(BDL),0.5(BDL),3.1,0.2(BDL),NA,20° 30’,78° 20’
1909,45877,Aug,0.597222222,"Kanhan river at D/s of Nagpur, Village. Agargaon, Taluka. Kuhi, District. Nagpur.",River,Kanhan ,Kanhan ,Nagpur,Maharashtra,Maharashtra PCB,Monthly,Municipal Sewage,"E (Irrigation, industrial cooling and controlled waste)",,None,Clear,Less than 50cm,"Bathing,Washing,Fishing",Yes,Clear,None,0,20,6.4,8.2,244,3.6,1.09,110,170,1.8(BDL),4.3,6.8,1204,11.5,12,1.5(BDL),0.4,113.4,81.4,32,29.13,15.4,178,144,22,0.2(BDL),0.5(BDL),2.5,0.2(BDL),NA,21° 15',79° 08'
1910,45877,Aug,0.642361111,"Wainganga river after confluence with Kanhan river, Village. Ambhora,Taluka. Kuhi, District. Nagpur.",River,Kanhan ,Kanhan ,Nagpur,Maharashtra,Maharashtra PCB,Monthly,Municipal Sewage,"E (Irrigation, industrial cooling and controlled waste)",,None,Clear,Less than 50cm,"Bathing,Fishing,Tourism Spot",Yes,Clear,None,0,20,6.2,8.2,284,3.8,1.14,110,220,1.8(BDL),6,5.6,120,10,12,1.5(BDL),0.4,118,80.4,37.6,29.13,13.6,216,177,12,0.2(BDL),0.5(BDL),2.3,0.2(BDL),NA,21° 16',79° 10'
2722,45846,Aug,0.555555556,"Wena river at U/s of Mohata Mills, near Railway bridge on Wardha – Chandrapur Railway line, Village. Hinganghat, Taluka. Hinganghat, District. Wardha.",River,Wena,Wena,Nagpur,Maharashtra,Maharashtra PCB,Monthly,Municipal Sewage,"E (Irrigation, industrial cooling and controlled waste)",,None,Clear,Less than 50cm,"Bathing,Washing,Fishing",Yes,Clear,None,0,22,6.8,8.2,571,3,3.66,49,110,1.8(BDL),2.8,13.8,231,25.99,12,2.24,0.58,246.6,135.2,111.4,63.46,42,418,342,24,0.2(BDL),0.5(BDL),3.4,0.2(BDL),NA,20° 57.008’,79° 00.756’
2723,45846,Aug,0.5625,"Wena river at D/s of Mohata Mills, near  bridge on Hinganghat. Wadner road,  Village. Hinganghat, Taluka. Hinganghat,  District. Wardha.",River,Wena,Wena,Nagpur,Maharashtra,Maharashtra PCB,Monthly,Municipal Sewage,"E (Irrigation, industrial cooling and controlled waste)",,None,Clear,Less than 50cm,"Bathing,Washing,Fishing",Yes,Clear,None,0,22,6.4,8.2,543,3.2,3.62,110,220,1.8(BDL),2.9,14.8,233,39.99,8,2.24,0.58,250,137.8,112.2,64.04,45.8,401,332,34,0.2(BDL),0.5(BDL),3.8,0.2(BDL),NA,20° 32.655’,78° 48.714’
5979,45816,Aug,0.722222222,"Nag river near ambazari lake, Dist- Nagpur",River,NA,NA,Nagpur,Maharashtra,Maharashtra PCB,Monthly,Municipal Sewage,"E (Irrigation, industrial cooling and controlled waste)",,None,Clear,Less than 50cm,Others,Yes,Clear,None,0,24,6.1,7.5,395,4.6,0.99,1600,1600,2,1.3,5(BDL),178,38.49,20,2.24,0.69,185.8,128.8,57,28.87,31,280,235,12,1.73,0.5(BDL),3.5,0.2(BDL),NA,NA,NA
5980,45816,Aug,0.638888889,Nag river  near bhandewadi bridge Dist- Nagpur,River,NA,NA,Nagpur,Maharashtra,Maharashtra PCB,Monthly,Municipal Sewage,"E (Irrigation, industrial cooling and controlled waste)",,Muncipal Sewage,Clear,Less than 50cm,Others,Yes,Clear,None,0,24,0.3(BDL),7.6,810,32.6,0.3(BDL),1600,1600,2,1(BDL),5(BDL),347,64.98,84,7.28,4.1,284,178,106,31.44,70.3,526,431,158,1.81,0.5(BDL),10,0.2(BDL),NA,NA,NA
5981,45816,Aug,0.625,"Nag river  near asoli road bridge, bhandara road, Dist- Nagpur",River,NA,NA,Nagpur,Maharashtra,Maharashtra PCB,Monthly,Municipal Sewage,"E (Irrigation, industrial cooling and controlled waste)",,None,Clear,Less than 50cm,Others,Yes,Clear,None,0,23,0.3(BDL),7.4,824,24.8,0.3(BDL),280,1600,1.8(BDL),1.2,5(BDL),324,69.98,60,4.48,2.14,281.2,177.4,103.8,32.42,74.4,527,412.6,188,0.2(BDL),0.5(BDL),10,0.2(BDL),NA,NA,NA
5982,45816,Aug,0.53125,"Pilli river  near wanjara layout, kamptee road, Dist-Nagpur",River,NA,NA,Nagpur,Maharashtra,Maharashtra PCB,Monthly,Municipal Sewage,"E (Irrigation, industrial cooling and controlled waste)",,Muncipal Sewage,Clear,Less than 50cm,Others,Yes,Clear,None,0,24,1.2,7.5,643,13.9,0.3(BDL),170,920,1.8(BDL),1.1,5(BDL),299,46.99,32,2.8,1.5,279.6,186.2,93.4,26.84,45.7,428,355,198,1.13,0.5(BDL),6.8,0.2(BDL),NA,NA,NA
5983,45816,Aug,0.496527778,"Pilli river  near, vill-mankapur on koradi road, Dist- Nagpur",River,NA,NA,Nagpur,Maharashtra,Maharashtra PCB,Monthly,Municipal Sewage,"E (Irrigation, industrial cooling and controlled waste)",,None,Clear,Less than 50cm,"Bathing,Washing",Yes,Clear,None,0,24,1.6,7.5,659,11.2,0.71,140,350,1.8(BDL),1(BDL),5(BDL),298,100.97,28,2.24,1.85,281.6,191,90.6,30.85,71.6,501,420,214,0.2(BDL),0.5(BDL),10,0.2(BDL),NA,NA,NA
2172,45724,Aug,0.076388889,"Wainganga river at D/s of Ellora Paper Mills, Village. Tumsar, Taluka. Tumsar, District. Bhandara.",River,Wainganga ,Wainganga ,Bhandara,Maharashtra,Maharashtra PCB,Monthly,Industrial Effluent,A (Drinking Water source without conventional treatment but after disinfection),,Industrial,Clear,Less than 50cm,"Fishing,Others",Yes,Light Brown,Odourless,4,18,6,7.9,218,4.6,0.64,280,350,1.8(BDL),130,5(BDL),99,9.3,20,1.5(BDL),0.4,102.6,77,25.6,21.48,13.1,160,136,64,0.2(BDL),0.5(BDL),2.2,0.2(BDL),NA,21°21.307’,79°47.943’
2173,45724,Aug,0.0625,"Wainganga river at U/s of Ellora Paper Mills, Village. Tumsar, Taluka. Tumsar, District. Bhandara.",River,Wainganga ,Wainganga ,Bhandara,Maharashtra,Maharashtra PCB,Monthly,Industrial Effluent,A (Drinking Water source without conventional treatment but after disinfection),,Industrial,Clear,Less than 50cm,"Fishing,Others",Yes,Light Brown, Odourless,4,18,6.6,7.9,218,3.5,0.63,170,280,1.8(BDL),85,5(BDL),95,11.2,12,2.24,0.51,96.8,68,28.8,23.78,16.9,152,130.7,46,0.2(BDL),0.5(BDL),2.7,0.2(BDL),NA,21°21.454’,79°47.942’
5984,45724,Aug,0.229166667,"Wainganga river at kardha bridge, D/S of bhandara city, Dist- Bhandara",River,NA,NA,Bhandara,Maharashtra,Maharashtra PCB,Monthly,Industrial Effluent,A (Drinking Water source without conventional treatment but after disinfection),,Industrial,Clear,Less than 50cm,"Fishing,Others",Yes,Light Brown, Odourless,4,18,5.8,7.9,213,4.5,0.68,170,280,1.8(BDL),17,5(BDL),91,6.65,16,1.68,0.43,91.4,53,38.4,12.99,8.2,140,120.4,22,0.2(BDL),0.5(BDL),2.6,0.2(BDL),NA,21.150911,79.66716
5985,45724,Aug,0.166666667,"Gosekhurd Dam village - Gosekhurd, pauni, Dist- Bhandara",Dam,NA,NA,Bhandara,Maharashtra,Maharashtra PCB,Monthly,Industrial Effluent,A (Drinking Water source without conventional treatment but after disinfection),,Industrial,Clear,Less than 50cm,"Fishing,Others",Yes,Light Brown,Odourless,4,18,5.4,7.6,176,3.6,0.56,4.5,13,1.8(BDL),45,5(BDL),88,7.45,12,2.8,0.55,85.2,57.8,27.4,16.09,9.6,128,112.6,12,0.2(BDL),0.5(BDL),2.4,0.2(BDL),NA,20.875423,79.611417
11,45846,Aug,0.458333333,"Wainganga river at Ashti, Village. Ashti, Taluka. Gondpipri, District.Chandrapur.",River,Wainganga ,Wainganga ,Chandrapur,Maharashtra,Maharashtra PCB,Monthly,Industrial Effluent,A (Drinking Water source without conventional treatment but after disinfection),,Industrial,Clear,Less than 50cm,"Bathing,Washing",Yes,Clear,None,0,20,7.2,8.4,487,3.2,3.7,110,280,1.8(BDL),1(BDL),12.6,194,26.49,8,1.5(BDL),0.4,216,107.8,108.2,36.22,38,340,285,30,0.2(BDL),0.5(BDL),2.7,0.2(BDL),NA,19°10.643’,79°47.140 ’
2156,45846,Aug,0.729166667,"Wardha river at confluence point of Penganga & Wardha. Village. Jugad, Taluka. Wani, District. Yavatmal.",River,Penganga ,Penganga ,Chandrapur,Maharashtra,Maharashtra PCB,Monthly,Industrial Effluent,A (Drinking Water source without conventional treatment but after disinfection),,Industrial,Clear,Less than 50cm,"Bathing,Washing",Yes,Clear,None,0,20,6.9,8.4,523,3.2,3.82,79,170,1.8(BDL),1(BDL),15.6,196,27.99,8,1.68,0.54,211.8,112.6,99.2,37.96,41.3,377,320,21,0.2(BDL),0.5(BDL),2.8,0.2(BDL),NA,19°53.943’,79°08.911’
2174,45846,Aug,0.666666667,"Wardha river at D/s of ACC Ltd. Ghuggus near WCL pump house, Village. Ghuggus, Taluka. Chandrapur, District. Chandrapur.",River,Wardha ,Wardha ,Chandrapur,Maharashtra,Maharashtra PCB,Monthly,Industrial Effluent,A (Drinking Water source without conventional treatment but after disinfection),,Industrial,Clear,Less than 50cm,"Bathing,Washing",Yes,Clear,None,0,22,6.7,8.4,518,3.8,3.79,110,220,1.8(BDL),1.1,14.4,208,27.49,16,2.24,0.79,210,115,95,35.8,35.8,380,315,58,0.2(BDL),0.5(BDL),2.7,0.2(BDL),NA,19°54.291’,79°06.894’
2175,45785,Aug,0.5,"Wainganga river at U/s of Gaurav Paper Mills, near jackwell,  Village. Bramhpuri, Taluka. Chandrapur, District. Chandrapur.",River,Wainganga ,Wainganga ,Chandrapur,Maharashtra,Maharashtra PCB,Monthly,Industrial Effluent,A (Drinking Water source without conventional treatment but after disinfection),,Industrial,Clear,Less than 50cm,"Bathing,Washing",Yes,Clear,None,0,NA,7,7.5,1614,4.5,ND,46,140,1.8(BDL),120,5(BDL),84,15,16,2.8,0.76,91.4,53,38.4,15.81,7.5,125,104,38,0.2(BDL),0.5(BDL),2.7,NA,NA,20°37.169’,79°51.408’
2176,45785,Aug,0.520833333,"Wainganga river at D/s of Gaurav Paper Mills, near jackwell,  Village. Bramhpuri, Taluka. Chandrapur, District. Chandrapur.",River,Wainganga ,Wainganga ,Chandrapur,Maharashtra,Maharashtra PCB,Monthly,Industrial Effluent,A (Drinking Water source without conventional treatment but after disinfection),,Industrial,Clear,Less than 50cm,"Bathing,Washing",Yes,Clear,None,0,NA,6.1,7.5,160,4.9,ND,170,280,1.8(BDL),95,5(BDL),80,15,20,2.8,0.78,82.8,49.8,33,15.81,6.7,120,98,62,ND,0.5(BDL),2.5,NA,NA,20°37.169’,79°56.408’
2697,45816,Aug,0.541666667,"Penganga river near water supply scheme of Umarkhed M.C., Village. Belkhed,Taluka. Umarkhed, District. Yavatmal.",River,Penganga ,Penganga ,Chandrapur,Maharashtra,Maharashtra PCB,Monthly,Industrial Effluent,A (Drinking Water source without conventional treatment but after disinfection),,Industrial,Clear,Less than 50cm,"Bathing,Washing",Yes,Clear,None,0,NA,7.1,8.4,494,3.6,2.55,70,140,1.8(BDL),1(BDL),17.6,257,28.49,12,2.24,0.73,262.2,160.6,101.6,36.22,42.7,368,309,18,ND,0.5(BDL),2.7,NA,NA,20° 23.559’,78° 07.934’
2698,45816,Aug,0.604166667,"Penganga river D/s of Isapur Dam, Village. Isapur,Taluka. Pusad,District. Yavatmal.",River,Penganga ,Penganga ,Chandrapur,Maharashtra,Maharashtra PCB,Monthly,Industrial Effluent,A (Drinking Water source without conventional treatment but after disinfection),,Industrial,Clear,Less than 50cm,"Bathing,Washing",Yes,Clear,None,0,21,6.8,8.4,701,3.7,1.33,33,39,1.8(BDL),1(BDL),14.2,199,71.48,12,2.24,0.72,237.4,137.6,99.8,77.78,76.8,470,390,14,0.2(BDL),0.5(BDL),3.6,0.2(BDL),NA,20° 23.559’,78° 07.934’
2719,45846,Aug,0.583333333,"Wardha river at D/s of Erai river at Hadasti near Arun Engg. Works, Village. Hadasti, Taluka. Chandrapur, District. Chandrapur.",River,Erai ,Erai ,Chandrapur,Maharashtra,Maharashtra PCB,Monthly,Industrial Effluent,A (Drinking Water source without conventional treatment but after disinfection),,Industrial,Clear,Less than 50cm,"Bathing,Washing",Yes,Clear,None,0,22,6.9,8.4,506,3.7,3.82,110,220,1.8(BDL),1(BDL),13.2,201,26.49,16,2.24,7.6,202.4,110.4,92,37.96,35.5,380,312,36,0.2(BDL),0.5(BDL),2.8,0.2(BDL),NA,19° 59.433’,79° 15.754’
2720,45846,Aug,0.555555556,"Wardha river at U/s of Erai river at Hadasti near Arun Engg. Works, Village. Hadasti, Taluka. Chandrapur, District. Chandrapur.",River,Erai ,Erai ,Chandrapur,Maharashtra,Maharashtra PCB,Monthly,Industrial Effluent,A (Drinking Water source without conventional treatment but after disinfection),,Industrial,Clear,Less than 50cm,"Bathing,Washing",Yes,Clear,None,0,21,7,8.3,486,3.5,3.81,49,79,1.8(BDL),1(BDL),11.8,206,27.49,12,2.8,0.72,212.2,110.2,102,36.22,41.3,378,313,28,0.2(BDL),0.5(BDL),2.8,0.2(BDL),NA,19° 59.263’,79° 06.907’
2721,45846,Aug,0.645833333,"Wardha river at U/s of ACC Ltd. Ghuggus near WCL pump house, Village. Ghuggus, Taluka. Chandrapur, District. Chandrapur.",River,Wardha ,Wardha ,Chandrapur,Maharashtra,Maharashtra PCB,Monthly,Industrial Effluent,A (Drinking Water source without conventional treatment but after disinfection),,Industrial,Clear,Less than 50cm,"Bathing,Washing",Yes,Clear,None,0,22,7,8.4,452,3.6,3.67,79,140,1.8(BDL),1(BDL),13.8,197,28.49,12,1.68,0.51,211,111.2,99.8,35.8,41.2,340,278,40,0.2(BDL),0.5(BDL),3.1,0.2(BDL),NA,19° 54.336’,79° 06.894’
1212,45846,Aug,0.510416667,"Wardha river at Rajura bridge, Village. Rajura, Taluka. Chandrapur, District. Chandrapur.",River,Wardha ,Wardha ,Chandrapur,Maharashtra,Maharashtra PCB,Monthly,Industrial Effluent,A (Drinking Water source without conventional treatment but after disinfection),,Industrial,Clear,Less than 50cm,"Bathing,Washing",Yes,Clear,None,0,20,7,8.4,467,3.3,3.83,79,110,1.8(BDL),1.1,12,204,28.49,8,2.24,0.74,209.8,115.2,94.6,37.96,39.2,355,301,34,0.2(BDL),0.5(BDL),3,0.2(BDL),NA,19° 48’,79° 23’
1095,45785,Aug,0.493055556,"Godavari river at U/s of Gangapur Dam, Village. Gangapur,Taluka. Nashik, District. Nashik.", Dam,Godavari ,Godavari ,Nashik,Maharashtra,Maharashtra PCB,Monthly,Industrial Effluent,A (Drinking Water source without conventional treatment but after disinfection),,Industrial,Clear,Less than 50cm,Bathing,Yes,Clear,None,0,NA,4.3,8.2,183,4.4,1.4,12,79,1.8(BDL),29.3,5(BDL),26,8.5,20,1.5(BDL),0.4,36,16,20,11.72,6.7,152,138,54,0.84,0.5(BDL),1(BDL),0.2(BDL),NA,20°02.400 ’,73°40.751’
1096,45785,Aug,0.559027778,"Godavari river at Ramkund, Village. Panchavati, Taluka. Nashik, District. Nashik.",River,Godavri ,Godavri ,Nashik,Maharashtra,Maharashtra PCB,Monthly,Industrial Effluent,A (Drinking Water source without conventional treatment but after disinfection),,Industrial,Clear,Less than 50cm,"Bathing,Washing",Yes,Clear,None,0,NA,4,7.6,310,6,2.56,13,150,1.8(BDL),36.5,5(BDL),66,19.49,24,1.5(BDL),0.4,84,46,38,66.92,12.29,253,224,42,0.75,0.5(BDL),1(BDL),0.2(BDL),NA,20°00.482’,73°47.542’
1211,45785,Aug,0.572916667,"Godavari river at D/s of Nashik near Amardham, Village. GadgebabaMaharaj Nagar, Taluka . Nashik, District. Nashik.",River,Godavri ,Godavri ,Nashik,Maharashtra,Maharashtra PCB,Monthly,Industrial Effluent,A (Drinking Water source without conventional treatment but after disinfection),,Industrial,Clear,Less than 50cm,"Bathing,Washing",Yes,Clear,None,0,NA,4.1,8.6,311,6.2,2.65,17,220,1.8(BDL),6.4,5(BDL),66,18.49,20,1.5(BDL),0.4,86,46,40,64.06,11.93,244,220,49,0.94,0.5(BDL),1(BDL),0.2(BDL),NA,20°00.109’,73°47.842’
2177,45785,Aug,0.527777778,"Godavari river near Someshwar Temple, Village. Someshwar, Taluka. Nashik, District. Nashik.",River,Godavri ,Godavri ,Nashik,Maharashtra,Maharashtra PCB,Monthly,Industrial Effluent,A (Drinking Water source without conventional treatment but after disinfection),,Industrial,Clear,Less than 50cm,"Boating,Tourism Spot",Yes,Clear,None,0,NA,5.6,9.1,345,3,4.92,25,540,1.8(BDL),25.2,BDL,70,17.49,12,1.5(BDL),0.4,88,48,40,73.26,12.11,271,244,36,1.15,0.5(BDL),1(BDL),0.2(BDL),NA,20°01.391’,73°43.740’
2178,45785,Aug,0.538194444,"Chikhali nallah meets Godavari river, Village. Chikhali, Taluka. Nashik, District. Nashik.",Nala,Chikhali Nalla,Chikhali Nalla,Nashik,Maharashtra,Maharashtra PCB,Monthly,Industrial Effluent,A (Drinking Water source without conventional treatment but after disinfection),,Industrial,Clear,Less than 50cm,Others,Yes,Clear,None,0,NA,3,7.9,376,8.8,4.28,94,920,1.8(BDL),23,5(BDL),188,113.96,32,11.76,4.85,230,136,94,158.68,50.81,300,270,112,5.2,0.5(BDL),1(BDL),0.2(BDL),NA,20°01.022’,73°44.116’
2179,45785,Aug,0.552083333,"Godavari river at Hanuman Ghat, Village. Nashik city, Taluka. Nashik, District. Nashik.",River,Godavri ,Godavri ,Nashik,Maharashtra,Maharashtra PCB,Monthly,Industrial Effluent,A (Drinking Water source without conventional treatment but after disinfection),,Industrial,Clear,Less than 50cm,Bathing,Yes,Clear,None,0,NA,4.8,8.4,337,4.8,2.49,13,140,1.8(BDL),25,5(BDL),66,19.49,16,1.5(BDL),0.4,86,46,40,131.92,12.78,262,236,52,0.91,0.5(BDL),1(BDL),0.2(BDL),NA,20°00.546’,73°47.020’
2180,45785,Aug,0.614583333,"Godavari river at Tapovan,Village. Tapovan, Taluka. Nashik, District. Nashik.",River,Godavri ,Godavri ,Nashik,Maharashtra,Maharashtra PCB,Monthly,Industrial Effluent,A (Drinking Water source without conventional treatment but after disinfection),,Industrial,Clear,Less than 50cm,"Bathing,Washing",Yes,Clear,None,0,NA,5.1,8.4,324,4.6,2.45,63,920,1.8(BDL),20.1,5(BDL),62,18.49,16,1.5(BDL),0.4,80,46,34,64.92,35.19,255,228,49,1.42,0.5(BDL),1(BDL),0.2(BDL),NA,20°00.007’,73°48.907’
2181,45785,Aug,0.618055556,"Godavari river at Kapila. Godavari confluence point,  Village. Tapovan, Taluka. Nashik, District. Nashik.",River,Godavri ,Godavri ,Nashik,Maharashtra,Maharashtra PCB,Monthly,Industrial Effluent,A (Drinking Water source without conventional treatment but after disinfection),,Industrial,Clear,Less than 50cm,"Bathing,Washing",Yes,Clear,None,0,NA,4.8,7.8,715,8.6,1.4,63,920,1.8(BDL),15.8,5(BDL),154,46.49,28,19.92,7.34,186,110,76,225.8,11.73,575,519,142,3.68,0.5(BDL),1(BDL),0.2(BDL),NA,20°00.012’,73°48.914’
2182,45785,Aug,0.170138889,"Godavari river at Saikheda village,  Village. Saikheda, Taluka. Niphad, District. Nashik.",River,Godavri ,Godavri ,Nashik,Maharashtra,Maharashtra PCB,Monthly,Industrial Effluent,A (Drinking Water source without conventional treatment but after disinfection),,Industrial,Clear,Less than 50cm,"Bathing,Washing",Yes,Clear,None,0,NA,5.4,8.5,317,3.2,2.53,17,240,1.8(BDL),6.8,BDL,60,24.49,12,1.5(BDL),0.4,80,42,38,58.12,13.69,251,223,33,2.16,0.5(BDL),1(BDL),0.2(BDL),NA,20°00.859’,74°00.350’
2183,45785,Aug,0.701388889,"Godavari river at Nandur.Madhmeshwar Dam, Village. Nandur, Taluka. Niphad, District. Nashik.",River,Godavri ,Godavri ,Nashik,Maharashtra,Maharashtra PCB,Monthly,Industrial Effluent,A (Drinking Water source without conventional treatment but after disinfection),,Industrial,Clear,Less than 50cm,Others,Yes,Clear,None,0,NA,5,9.3,334,4.4,2.72,12,94,1.8(BDL),16,5(BDL),66,25.49,16,1.5(BDL),0.4,84,46,38,69.78,15.72,267,241,61,1.42,0.5(BDL),1(BDL),0.2(BDL),NA,20°00.535’,74°07.948’
2660,45755,Aug,0.548611111,"Darna river at Chehedi water works (pumping station), Village. Chehedi, Taluka. Nashik, District. Nashik.",River,Darna ,Darna ,Nashik,Maharashtra,Maharashtra PCB,Monthly,Industrial Effluent,A (Drinking Water source without conventional treatment but after disinfection),,Industrial,Clear,Less than 50cm,Others,Yes,Clear,None,0,NA,4.7,7.9,363,5.4,2.77,12,170,1.8(BDL),10.3,5(BDL),60,19.99,20,1.5(BDL),0.4,76,40,36,50.9,14.34,277,246,71,0.94,0.5(BDL),1(BDL),0.2(BDL),NA,19° 55.873’,73° 51.429’
2661,45755,Aug,0.475694444,"Darna river at Aswali ( Darna Dam),Village. Aswali,Taluka. Igatpuri,District. Nashik.",River,Darna ,Darna ,Nashik,Maharashtra,Maharashtra PCB,Monthly,Industrial Effluent,A (Drinking Water source without conventional treatment but after disinfection),,Industrial,Clear,Less than 50cm,Others,Yes,Clear,None,0,NA,5.6,8,182,3.2,1.4,13,170,1.8(BDL),20.9,5(BDL),22,8,12,1.5(BDL),0.4,30,18,12,16.24,5.07,142,116,34,0.81,0.5(BDL),1(BDL),0.2(BDL),NA,19° 48.184’,73° 44.276’
2662,45755,Aug,0.503472222,"Darna river at MES site pumping station, Village. Bhagur, Taluka. Nashik, District. Nashik.",River,Darna ,Darna ,Nashik,Maharashtra,Maharashtra PCB,Monthly,Industrial Effluent,A (Drinking Water source without conventional treatment but after disinfection),,Industrial,Clear,Less than 50cm,Others,Yes,Clear,None,0,NA,5.4,8.1,223,4.8,1.65,15,220,1.8(BDL),4,5(BDL),30,11,16,1.5(BDL),0.4,42,24,18,18.34,6.74,172,151,43,1.41,0.5(BDL),1(BDL),0.2(BDL),NA,19° 52.114’,73° 49.662’
2663,45755,Aug,0.503472222,"Darna river at Bhagur pumping station near Pandhurli bridge, Village. Bhagur,Taluka. Nashik,District. Nashik.",River,Darna ,Darna ,Nashik,Maharashtra,Maharashtra PCB,Monthly,Industrial Effluent,A (Drinking Water source without conventional treatment but after disinfection),,Industrial,Clear,Less than 50cm,Others,Yes,Clear,None,0,NA,5.5,7.8,255,4.8,1.54,17,240,1.8(BDL),12,5(BDL),30,12,16,1.5(BDL),0.4,40,22,18,17.08,7.22,204,181,64,0.72,0.5(BDL),1(BDL),0.2(BDL),NA,19° 52.306’,73° 50.235’
2664,45755,Aug,0.527777778,"Darna river at Sansari, Village. Sansari,Taluka. Nashik,District. Nashik.",River,Darna ,Darna ,Nashik,Maharashtra,Maharashtra PCB,Monthly,Industrial Effluent,A (Drinking Water source without conventional treatment but after disinfection),,Industrial,Clear,Less than 50cm,Others,Yes,Clear,None,0,NA,4.6,7.1,210,5.6,2.23,17,220,1.8(BDL),11.2,BDL,36,15,20,1.5(BDL),0.4,50,28,22,24.6,10.02,187,140,58,0.72,0.5(BDL),1(BDL),0.2(BDL),NA,19° 54.350’,73° 50.546’
1253,45785,Aug,0,"Girna river at Malegaon road bridge, Village. Malegaon, Taluka. Malegaon, District. Nashik.",River,Girrna ,Girrna ,Nashik,Maharashtra,Maharashtra PCB,Monthly,NA,NA,NA,NA,NA,NA,NA,NA,NA,NA,NA,NA,NA,NA,NA,NA,NA,NA,NA,NA,NA,NA,NA,NA,NA,NA,NA,NA,NA,NA,NA,NA,NA,NA,NA,NA,NA,NA,NA,Dry river,20°32.106’,74°31.220’
1251,45816,Aug,0.541666667,"Tapi river at U/s, Bhusawal,Village. Bhusawal Railway Colony, Taluka. Bhusawal, District. Jalgaon.",River,Tapi ,Tapi ,Jalgaon,Maharashtra,Maharashtra PCB,Monthly,None,No Information,,None,Clear,Less than 50cm,Others,No,Clear,None,1,23,4.6,8.6,382,3.8,2.9,13,170,1.8(BDL),7.98,5(BDL),54,16,20,1.5(BDL),0.58,70,40,30,49.16,15.02,222,199,50,0.71,0.5(BDL),1(BDL),0.2(BDL),NA,21°03.671’,75°47.537’
1313,45816,Aug,0.625,"Tapi river at Ajnad village, Village.Ajnad , Taluka. Raver, District.Jalgaon.",River,Tapi ,Tapi ,Jalgaon,Maharashtra,Maharashtra PCB,Monthly,None,No Information,,None,Clear,Less than 50cm,Others,No,Clear,None,1,23,5.8,8.5,276,3.6,3,10,280,1.8(BDL),20.5,5(BDL),48,16,12,1.5(BDL),0.4,62,34,28,52.92,14.06,220,195,29,0.72,0.5(BDL),1(BDL),0.2(BDL),NA,21°14.696’,76°08.898’
2658,45846,Aug,0,"Bori river, D/S of Amalner, Village. Amalner, Taluka. Jalgaon, District. Jalgaon.",River,Bori ,Bori ,Jalgaon,Maharashtra,Maharashtra PCB,Monthly,NA,NA,NA,NA,NA,NA,NA,NA,NA,NA,NA,NA,NA,NA,NA,NA,NA,NA,NA,NA,NA,NA,NA,NA,NA,NA,NA,NA,NA,NA,NA,NA,NA,NA,NA,NA,NA,NA,NA,Dry river,21º 03.360',75º 04.283'
2667,45816,Aug,0,"Hiwara river at  D/S of Pachora, Village. Pachora,Taluka. Jalgaon,District. Jalgaon.",River,Hiwara ,Hiwara ,Jalgaon,Maharashtra,Maharashtra PCB,Monthly,NA,NA,NA,NA,NA,NA,NA,NA,NA,NA,NA,NA,NA,NA,NA,NA,NA,NA,NA,NA,NA,NA,NA,NA,NA,NA,NA,NA,NA,NA,NA,NA,NA,NA,NA,NA,NA,NA,NA,Dry river,20º 40.031',75º 21.464'
2674,45846,Aug,0,"Mor river  near Padalashe, Village. Padalashe,Taluka. Jalgaon, District. Jalgaon.",River,Mor ,Mor ,Jalgaon,Maharashtra,Maharashtra PCB,Monthly,NA,NA,NA,NA,NA,NA,NA,NA,NA,NA,NA,NA,NA,NA,NA,NA,NA,NA,NA,NA,NA,NA,NA,NA,NA,NA,NA,NA,NA,NA,NA,NA,NA,NA,NA,NA,NA,NA,NA,Dry river,21º 06.455',75º 47.515'
2710,45816,Aug,0,"Titur river at  D/S of Chalisgaon, Village. Chalisgaon,Taluka. Jalgaon,District. Jalgaon.",River,Titur ,Titur ,Jalgaon,Maharashtra,Maharashtra PCB,Monthly,NA,NA,NA,NA,NA,NA,NA,NA,NA,NA,NA,NA,NA,NA,NA,NA,NA,NA,NA,NA,NA,NA,NA,NA,NA,NA,NA,NA,NA,NA,NA,NA,NA,NA,NA,NA,NA,NA,NA,Dry river,20º 27.987',75º 01.165'
2718,45816,Aug,0.458333333,"Waghur river at. Sakegaon before Confluence with Tapi river, Village. Sakegaon,Taluka. Jalgaon,District. Jalgaon.",River,Waghur ,Waghur ,Jalgaon,Maharashtra,Maharashtra PCB,Monthly,None,No Information,,None,Clear,Less than 50cm,Others,No,Clear,None,1,23,5.4,8.7,665,3.6,0.66,13,79,1.8(BDL),21.9,5(BDL),136,109.97,12,1.5(BDL),0.4,170,100,70,168.3,51.85,533,477,18,0.66,0.5(BDL),1(BDL),0.2(BDL),NA,21º 05.592',75º 41.642'
1252,45846,Aug,0.493055556,"Girna river at Jalgaon at intake of Girna pump huose, Village. Girna pump house area, Taluka. Jalgaon, District. Jalgaon.",River,Girna ,Girna ,Jalgaon,Maharashtra,Maharashtra PCB,Monthly,None,No Information,,None,Clear,Less than 50cm,Others,No,Clear,None,1,23,5.2,8.7,575,4.4,1.11,17,540,1.8(BDL),13,5(BDL),116,92.97,16,1.5(BDL),0.4,144,84,60,101.4,35.72,462,414,33,0.48,0.5(BDL),1(BDL),0.2(BDL),NA,20°59.372’,75°30.942’
1314,45785,Aug,0.111111111,"Tapi river at Ubad village near Gujratborder, Village. Ubad, Taluka. Shahada, District. Nandurbar.",River,Tapi ,Tapi ,Dhule,Maharashtra,Maharashtra PCB,Monthly,Industrial Effluent,A (Drinking Water source without conventional treatment but after disinfection),,Industrial,Clear,Less than 50cm,Others,Yes,Clear,None,0,22,4.2,8.1,305,6,2.74,14,220,1.8(BDL),26.4,5(BDL),54,22.49,20,1.68,0.68,70,40,30,67.18,19.22,247,221,69,0.95,0.5(BDL),1(BDL),0.2(BDL),NA,21°31.799’,74°19.149’
2652,45785,Aug,0,"Amravati river at D/s. of Dondaicha, Village. Dondaicha, Taluka. Dhule, District. Dhule.",River,Amravati ,Amravati ,Dhule,Maharashtra,Maharashtra PCB,Monthly,NA,NA,NA,NA,NA,NA,NA,NA,NA,NA,NA,NA,NA,NA,NA,NA,NA,NA,NA,NA,NA,NA,NA,NA,NA,NA,NA,NA,NA,NA,NA,NA,NA,NA,NA,NA,NA,NA,NA,Dry river,21º 19.688',74º 34.184'
2659,45816,Aug,0,"Burai river before confluence to Tapi river, Village. Mukudas, Taluka. Dhule, District. Dhule.",River,Burai ,Burai ,Dhule,Maharashtra,Maharashtra PCB,Monthly,NA,NA,NA,NA,NA,NA,NA,NA,NA,NA,NA,NA,NA,NA,NA,NA,NA,NA,NA,NA,NA,NA,NA,NA,NA,NA,NA,NA,NA,NA,NA,NA,NA,NA,NA,NA,NA,NA,NA,Dry river,21º 18.077',75º 47.818'
2666,45785,Aug,0.145833333,"Gomai river D/s. of Shahada, Village. Shahada,Taluka. Dhule,District. Dhule.",River,Gomai ,Gomai ,Dhule,Maharashtra,Maharashtra PCB,Monthly,Industrial Effluent,A (Drinking Water source without conventional treatment but after disinfection),,Industrial,Clear,Less than 50cm,Others,Yes,Clear,None,0,22,4,7.7,320,8.8,2.67,17,280,1.8(BDL),25.8,5(BDL),56,39.99,28,1.5(BDL),0.4,76,42,34,19.75,19.75,252,229,78,0.88,0.5(BDL),1(BDL),0.2(BDL),NA,21º 32.744',74º 27.618'
2670,45816,Aug,0.486111111,"Kan river at Sakri water works, Village. Sakri, Taluka. Dhule, District. Dhule.",River,Kan ,Kan ,Dhule,Maharashtra,Maharashtra PCB,Monthly,Industrial Effluent,A (Drinking Water source without conventional treatment but after disinfection),,Industrial,Clear,Less than 50cm,Others,Yes,Clear,None,0,18,5.2,8.3,268,4.2,2.6,21,540,1.8(BDL),47.1,5(BDL),48,32.49,16,1.5(BDL),0.4,62,34,28,25.08,11.07,211,186,44,0.83,0.5(BDL),1(BDL),0.2(BDL),NA,20º 59.642',74º 17.48'
2684,45816,Aug,0.458333333,"Panzara river, Near Panzarakan SSK Ltd, Village. Panzara,Taluka. Dhule, District. Dhule.",River,Panzara ,Panzara ,Dhule,Maharashtra,Maharashtra PCB,Monthly,Industrial Effluent,A (Drinking Water source without conventional treatment but after disinfection),,Industrial,Clear,Less than 50cm,Others,Yes,Clear,None,0,18,5,8.3,264,4,2.6,26,210,1.8(BDL),30.1,5(BDL),46,29.99,16,1.5(BDL),0.4,60,34,26,24.34,11.06,209,191,49,0.83,0.5(BDL),1(BDL),0.2(BDL),NA,20º 57.405',74º 17.598'
1907,45816,Aug,0.0625,"Rangavali river at D/s of Navapur near Rangavali bridge, Village. Navapur, Taluka. Navapur, District. Nandurbar.",River,Rangavali ,Rangavali ,Dhule,Maharashtra,Maharashtra PCB,Monthly,Industrial Effluent,A (Drinking Water source without conventional treatment but after disinfection),,Industrial,Clear,Less than 50cm,Others,Yes,Clear,None,0,20,5.2,8.3,281,4,1.83,20,350,1.8(BDL),11.8,5(BDL),50,10.5,12,1.5(BDL),0.4,64,36,28,28.76,9.67,228,205,42,1.02,0.5(BDL),1(BDL),0.2(BDL),NA,21°09.794',73°47.211'
1463,45846,Aug,0.4375,"Nira river at Sarola bridge, Village. Sarola, Taluka.Bhor, District. Pune.",River,Nira ,Nira ,Pune,Maharashtra,Maharashtra PCB,Monthly,None,A (Drinking Water source without conventional treatment but after disinfection),,None,Clear,Less than 50cm,Others,Yes,Clear,None,0,27.5,4.5,7.9,236,6.2,0.6,9.2,540,1.8(BDL),1(BDL),42,20(BDL),15.15,16,1.5(BDL),0.4,68,32,36,6.71,8.75,187,155,11,0.2(BDL),0.9,1(BDL),0.2(BDL),NA,18°10.588',73°57.287 '
2191,45785,Aug,0.572916667,"Mutha river at Sangam bridge near Ganapathyghat, Village . Shivaji Nagar,  Taluka. Pune, District. Pune.",River,Mutha ,Mutha ,Pune,Maharashtra,Maharashtra PCB,Monthly,None,A (Drinking Water source without conventional treatment but after disinfection),,None,Clear,Less than 50cm,Others,Yes,Clear,None,0,27.5,2.4,7.5,529,27,2.36,79,1600,11,8.95,5(BDL),96,44.89,84,8.4,3.43,150,78,72,5(BDL),31.71,415,337,30,0.59,2.5,6.67,0.6,NA,18°31.815’,73°51.662’
2192,45785,Aug,0.520833333,"Mula - Mutha river at Mundhawa bridge,Village. Mundhawa,Taluka. Haweli,District. Pune.",River,Mula Mutha ,Mula Mutha ,Pune,Maharashtra,Maharashtra PCB,Monthly,None,A (Drinking Water source without conventional treatment but after disinfection),,None,Clear,Less than 50cm,Others,Yes,Clear,None,0,27.5,4.1,7.4,486,12.5,0.7,41,1600,6,3.34,5(BDL),94,41.74,36,6.72,2.84,138,70,68,5(BDL),26.31,385,311,12,0.56,2.3,4.42,0.5,NA,18°32.206’,73°56.015’
2193,45785,Aug,0.65625,"Mula river at Aundh bridge, Village. Aundhgaon,Taluka. Haweli, District. Pune.",River,Mula ,Mula ,Pune,Maharashtra,Maharashtra PCB,Monthly,None,A (Drinking Water source without conventional treatment but after disinfection),,None,Clear,Less than 50cm,Others,Yes,Clear,None,0,27.5,4.1,7.4,414,7.2,0.61,120,1600,1.8(BDL),1.8,5(BDL),74,25.49,24,2.8,1.03,118,60,58,5(BDL),16.9,328,263,11,1.12,1.4,2.22,0.7,NA,18°34.049’,73°48.675’
2194,45785,Aug,0.670138889,"Mula river at Harrison bridge near Mula.Pawana sangam, Village. Bopodi,Taluka. Haweli, District. Pune.",River,Mula ,Mula ,Pune,Maharashtra,Maharashtra PCB,Monthly,None,A (Drinking Water source without conventional treatment but after disinfection),,None,Clear,Less than 50cm,Others,Yes,Clear,None,0,27.5,4.4,7.7,411,7,0.52,240,1600,32,1.47,5(BDL),70,25.59,20,4.48,1.82,116,56,60,5.77,17.42,326,265,12,0.48,1.9,2.27,0.9,NA,18°34.462’,73°50.139’
2195,45846,Aug,0.506944444,"Nira river at D/s of Jubilant Organosis,  Village. Nimbut, Taluka. Baramati, District. Pune.",River,Nira ,Nira ,Pune,Maharashtra,Maharashtra PCB,Monthly,None,A (Drinking Water source without conventional treatment but after disinfection),,None,Clear,Less than 50cm,Others,Yes,Clear,None,0,27.5,6.1,8.3,619,5,0.8,21,350,1.8(BDL),1(BDL),6,126,56.68,16,1.68,0.42,174,90,84,14.43,69.7,489,398,11,0.2(BDL),0.5(BDL),1(BDL),0.7,NA,18°06.093’,74°14.038’
2682,45846,Aug,0.496527778,"Nira river at U/s of Jubilant Organosis, Village. Nira (Dattaghat),Taluka. Baramati, District. Pune.",River,Nira ,Nira ,Pune,Maharashtra,Maharashtra PCB,Monthly,None,A (Drinking Water source without conventional treatment but after disinfection),,None,Clear,Less than 50cm,Others,Yes,Clear,None,0,27.5,6.7,8.3,420,3.8,0.72,6,350,1.8(BDL),1(BDL),8,88,33.29,12,2.24,0.7,120,60,60,6.71,43.26,335,274,10(BDL),0.2(BDL),0.5(BDL),1(BDL),0.4,NA,18° 05.811’,74° 12.730’
2656,45755,Aug,0.663194444,"Bhima river. Backwater of Ujani Dam, near raw water pump house, Village. Kumbargaon, Taluka. Indapur, District. Pune.",River,Bhima ,Bhima ,Pune,Maharashtra,Maharashtra PCB,Monthly,None,A (Drinking Water source without conventional treatment but after disinfection),,None,Clear,Less than 50cm,Others,Yes,Clear,None,0,27.5,4.5,8.2,633,8,0.78,1.8(BDL),540,1.8(BDL),2.24,6,126,74.18,32.1,1.68,0.46,178,92,86,5.4,62.58,496,402,14,0.2(BDL),0.5(BDL),3.13,0.2(BDL),NA,18° 16.341’,74° 47.893’
2678,45785,Aug,0.586805556,"Mutha river near Veer Savarkar Bhavan, Village. Pune  M.C, Taluka. Pune, District .Pune.",River,Mutha ,Mutha ,Pune,Maharashtra,Maharashtra PCB,Monthly,None,A (Drinking Water source without conventional treatment but after disinfection),,None,Clear,Less than 50cm,Others,Yes,Clear,None,0,27.5,2.2,7.4,456,28,2.21,540,1600,4.5,9.72,5(BDL),100,39.69,88,7.28,3.1,156,80,76,5.25,30.95,433,354,42,0.35,2.6,5.94,0.7,NA,18° 31.287’,73° 51.018’
2679,45785,Aug,0.59375,"Mutha river at Deccan bridge, Village. Deccan,Taluka. Pune, District. Pune.",River,Mutha ,Mutha ,Pune,Maharashtra,Maharashtra PCB,Monthly,None,A (Drinking Water source without conventional treatment but after disinfection),,None,Clear,Less than 50cm,Others,Yes,Clear,None,0,27.5,2.1,7.4,551,28,3.11,20,1600,6.1,8.43,5(BDL),104,44.44,92,11.2,5.14,158,82,76,5(BDL),30.8,436,358,44,0.32,2.7,5.81,0.8,NA,18° 30.910’,73° 50.677’
1189,45785,Aug,0.618055556,"Bhima river at Pune (Mutha river) at U/s of Vithalwadi near Shankar Mandir, Village. Vithalwadi, Taluka. Haweli, District. Pune.",River,Bhima ,Bhima ,Pune,Maharashtra,Maharashtra PCB,Monthly,None,A (Drinking Water source without conventional treatment but after disinfection),,None,Clear,Less than 50cm,Others,Yes,Clear,None,0,27.5,1.3,7.5,606,26,1.84,48,1600,4.5,7.31,5(BDL),120,44.49,80,6.72,2.64,174,88,86,5(BDL),30.71,479,390,34,0.2(BDL),1.8,5.41,0.7,NA,18°29.012 ’,73°49.554’
1190,45785,Aug,0.496527778,"Bhima river at D/s of Bundgarden, Village . Yerwada,Taluka. Haweli, District. Pune.",River,Bhima ,Bhima ,Pune,Maharashtra,Maharashtra PCB,Monthly,None,A (Drinking Water source without conventional treatment but after disinfection),,None,Clear,Less than 50cm,Others,Yes,Clear,None,0,27.5,3.9,7.4,478,13,0.83,17,1600,2,3.86,90,20(BDL),41.24,40,3.36,1.5,134,66,68,6.29,28.38,378,306,10(BDL),0.2(BDL),1.7,4.72,0.9,NA,18°32.647 ’,73°52.946’
1191,45755,Aug,0.555555556,"Bhima river after confluence with Mula.Mutha at Pargaon near Vasant Bandara,Village. Pargaon,Taluka. Daund, District. Pune.",River,Bhima ,Bhima ,Pune,Maharashtra,Maharashtra PCB,Monthly,None,A (Drinking Water source without conventional treatment but after disinfection),,None,Clear,Less than 50cm,Others,Yes,Clear,None,0,28,3.2,7.3,370,13.5,0.92,1.8(BDL),350,1.8(BDL),1.81,5(BDL),68,32.49,48.2,2.8,0.83,104,54,50,5(BDL),25.27,292,237,11,0.2(BDL),0.5(BDL),4.78,0.2(BDL),NA,18°34.074 ’,74°22.681’
1192,45755,Aug,0.611111111,"Bhima river at Daund near Mahadev temple,Village. Daund, Taluka. Daund, District. Pune.",River,Bhima ,Bhima ,Pune,Maharashtra,Maharashtra PCB,Monthly,None,A (Drinking Water source without conventional treatment but after disinfection),,None,Clear,Less than 50cm,Others,Yes,Clear,None,0,28,3.8,7.8,368,12,1.24,1.8(BDL),1600,1.8(BDL),1.19,5(BDL),64,32.29,60.2,2.24,0.59,102,50,52,8.16,27.97,288,232,15,0.2(BDL),0.7,1.98,0.2(BDL),NA,18°28.234 ’,74°35.235’
2680,45785,Aug,0.461805556,"Mutha river at Khadakvasla Dam, Village. Khadakvasla,Taluka. Haweli, District. Pune.",River,Mutha ,Mutha ,Pune,Maharashtra,Maharashtra PCB,Monthly,None,No Information,,Industrial,Clear,Less than 50cm,Others,Yes,Clear,None,0,25,6.7,8.2,112,3.4,0.55,11,350,1.8(BDL),1.27,5(BDL),20(BDL),7.35,12,1.5(BDL),0.4,34,16,18,7.25,5(BDL),92,75,11,0.2(BDL),0.5(BDL),1(BDL),0.2(BDL),NA,18° 26.433’,73° 46.411’
2197,45785,Aug,0.53125,"Indrayani river at D/s of Alandigaon, Village. Alandigaon, Taluka. Haweli, District. Pune.",River,Indrayani ,Indrayani ,Pune,Maharashtra,Maharashtra PCB,Monthly,None,No Information,,Industrial,Clear,Less than 50cm,Others,Yes,Clear,None,0,23,5.4,7.8,324,6.2,0.73,40,1600,6.8,1.29,5(BDL),62,25.59,20,2.8,0.67,94,48,46,13.12,14.11,258,208,11,0.58,1.2,1.9,0.5,NA,18°39.428’,73°54.600’
2655,45816,Aug,0.631944444,"Bhima river at Koregaon near Koregaon bridge, Village. Koregaon,Taluka. Shirur, District. Pune.",River,Bhima ,Bhima ,Pune,Maharashtra,Maharashtra PCB,Monthly,None,No Information,,Industrial,Clear,Less than 50cm,Others,Yes,Clear,None,0,24,5.8,8.1,363,4.2,0.72,70,540,6.8,1(BDL),5(BDL),76,32.64,16,1.68,0.62,104,50,54,34.84,29.83,287,230,11,0.24,0.9,1(BDL),0.2(BDL),NA,18° 38.712’,74° 03.303’
2665,45816,Aug,0.586805556,"Ghod river at Shirur, Village. Shirur,Taluka. Shirur,District. Pune.",River,Ghod ,Ghod ,Pune,Maharashtra,Maharashtra PCB,Monthly,None,No Information,,Industrial,Clear,Less than 50cm,Others,Yes,Clear,None,0,25,6.3,8.2,371,3.6,0.43,70,350,40,1(BDL),5(BDL),82,27.39,12,2.24,0.63,106,56,50,34.52,30.04,291,236,11,0.26,0.5(BDL),1(BDL),0.2(BDL),NA,18° 49.961’,74° 23.504’
2668,45785,Aug,0.545138889,"Indrayani river at D/s of Moshi village. Village. Moshi,  Taluka. Haweli, District. Pune.",River,Indrayani ,Indrayani ,Pune,Maharashtra,Maharashtra PCB,Monthly,None,No Information,,Industrial,Clear,Less than 50cm,Others,Yes,Light Brown,None,0,23,4.3,7.6,337,7.4,0.46,170,1600,14,1.33,5(BDL),64,24.04,28,2.24,0.57,88,46,42,6.32,15.73,266,216,12,0.25,1.5,2.36,0.6,NA,18° 41.019’,73° 52.713’
2669,45785,Aug,0.625,"Indrayani river at U/s of Moshigaon,Village. Moshi, Taluka. Haweli, District. Pune.",River,Indrayani ,Indrayani ,Pune,Maharashtra,Maharashtra PCB,Monthly,None,No Information,,Industrial,Clear,Less than 50cm,Others,Yes,Clear,None,0,23,5,7.7,321,6.4,0.63,33,1600,1.8(BDL),1.8,5(BDL),62,21.84,24,1.68,0.47,92,44,48,6.53,14.89,255,205,13,0.28,1.6,1.83,0.2(BDL),NA,18° 41.331’,73° 50.793’
2677,45816,Aug,0.65625,"Mula.Mutha river at D/s of Theur, Village. Theur, Taluka. Haweli, District. Pune.",River,Mula Mutha ,Mula Mutha ,Pune,Maharashtra,Maharashtra PCB,Monthly,None,No Information,,Industrial,Clear,Less than 50cm,Others,Yes,Clear,None,0,24,5.2,8.1,365,7.8,1.32,70,1600,27,1(BDL),5(BDL),74,25.54,36,1.68,0.8,104,48,56,24.92,32.21,289,234,12,0.32,0.7,1(BDL),0.2(BDL),NA,18° 31.846’,74° 20.895’
2715,45816,Aug,0.604166667,"Vel river at Shikrapur, Village. Shikrapur,Taluka. Shirur, District. Pune.",River,Velu ,Velu ,Pune,Maharashtra,Maharashtra PCB,Monthly,None,No Information,,Industrial,Clear,Less than 50cm,Others,Yes,Clear,None,0,24,5.5,8.2,359,5,0.85,110,920,9.3,1(BDL),5(BDL),74,27.54,16,1.5(BDL),0.45,102,48,54,36.52,29.5,284,232,12,0.39,0.5(BDL),1(BDL),0.2(BDL),NA,18° 41.614’,74° 08.120’
2196,45816,Aug,0.475694444,"Pawana river at Sangavigaon,  Village. Sangavigaon, Taluka. Haweli, District. Pune.",River,Pawana ,Pawana ,Pune,Maharashtra,Maharashtra PCB,Monthly,None,No Information,,None,Clear,Less than 50cm,Others,Yes,Clear,None,0,27,3.4,7.6,758,13.5,0.81,220,1600,23,14.1,5(BDL),126,95.02,40,7.28,3.14,214,108,106,6.79,49.06,501,406,36,0.35,1.7,7.85,0.4,NA,18°34.540’,73°49.535’
2690,45755,Aug,0.6875,"Pawana river at Kasarwadi, Village. Kasarwadi, Taluka. Haweli, District. Pune.",River,Pawana ,Pawana ,Pune,Maharashtra,Maharashtra PCB,Monthly,None,No Information,,None,Clear,Less than 50cm,Others,Yes,Clear,None,0,27,3.2,7.5,693,15,1.04,220,1600,11,9.95,5(BDL),140,75.08,52.2,3.92,1.43,196,94,102,5.8,42.82,535,425,29,0.51,0.5(BDL),6.7,0.7,NA,18° 36.137’,73° 49.306’
2691,45816,Aug,0.530555556,"Pawana river at  Dapodi bridge, at Pawana. Mulla Sangam,  Village. Dapodi, Taluka. Haweli, District. Pune.",River,Pawana ,Pawana ,Pune,Maharashtra,Maharashtra PCB,Monthly,None,No Information,,None,Clear,Less than 50cm,Others,Yes,Clear,None,0,26,3.9,7.5,837,9.5,0.55,280,1600,41,8.27,5(BDL),142,71.23,36,5.04,2.2,234,116,118,7.06,48.67,662,536,28,0.2(BDL),1.9,5.48,0.6,NA,18° 34.429’,73° 49.909’
2692,45755,Aug,0.645833333,"Pawana river at Ravet Weir, Village. Ravet, Taluka. Haweli, District. Pune.",River,Pawana ,Pawana ,Pune,Maharashtra,Maharashtra PCB,Monthly,None,No Information,,None,Clear,Less than 50cm,Others,Yes,Clear,None,0,27,4.7,7.9,374,7.2,0.61,1.8(BDL),350,1.8(BDL),1.23,5(BDL),70,18.54,24.1,1.5(BDL),0.4,106,56,50,5(BDL),13.53,291,235,15,0.2(BDL),0.5(BDL),1.05,0.2(BDL),NA,18° 38.374’,73° 44.867’
2693,45755,Aug,0.666666667,"Pawana river at Chinchwadgaon, Village. Chinchwadgaon,Taluka. Haweli,District. Pune.",River,Pawana ,Pawana ,Pune,Maharashtra,Maharashtra PCB,Monthly,None,No Information,,None,Clear,Less than 50cm,Others,Yes,Clear,None,0,27,4.1,7.9,420,8.6,0.79,70,1600,11,1.28,5(BDL),76,27.54,32.1,1.68,0.4,118,60,58,5(BDL),17.51,322,264,10(BDL),0.37,0.5(BDL),2.08,0.6,NA,18° 37.553’,73° 46.681’
2694,45755,Aug,0.697916667,"Pawana river at Pimprigaon, Village. Pimprigaon, Taluka. Haweli, District. Pune.",River,Pawana ,Pawana ,Pune,Maharashtra,Maharashtra PCB,Monthly,None,No Information,,None,Clear,Less than 50cm,Others,Yes,Clear,None,0,27,3.5,7.6,638,12.5,1.12,110,1600,1.8(BDL),6.63,5(BDL),132,51.28,44.2,3.36,1.35,180,92,88,7.32,38.89,495,400,22,0.91,0.5(BDL),7.35,0.5,NA,18° 37.301’,73° 47.903’
36,45785,Aug,0.520833333,"Krishna river at Krishna bridge, ( Krishna river at NH.4 bridge ) Village. Karad, Taluka. Karad, District. Satara.",River,Krishna ,Krishna ,Satara,Maharashtra,Maharashtra PCB,Monthly,Industrial Effluent,A (Drinking Water source without conventional treatment but after disinfection),,Industrial,Raining,Less than 50cm,"Bathing,Washing",Yes,Light Brown,Odor Free,0,26,6.2,8,261,2.8,0.53,70,540,1.8(BDL),2.1,5(BDL),40,14,8,2.24,0.59,74,30,44,5.37,13.2,209,171,12,0.2(BDL),1.3,1(BDL),0.2(BDL),NA,17°17.690’,74°11.321’
2186,45846,Aug,0.354166667,"Venna river at Varye, Village . Varye,Taluka. Satara, District. Satara.",River,Venna ,Venna ,Satara,Maharashtra,Maharashtra PCB,Monthly,Industrial Effluent,A (Drinking Water source without conventional treatment but after disinfection),,Industrial,Raining,Less than 50cm,"Bathing,Washing",Yes,Clear,Odor Free,0,24,6,8.2,208,5.2,0.81,4.5,170,1.8(BDL),4.06,5(BDL),46,6.75,16,1.5(BDL),0.46,60,30,30,7.25,6.24,165,137,16,0.2(BDL),0.5(BDL),1(BDL),0.2(BDL),NA,17°43.793’,73°58.928’
2187,45755,Aug,0.465277778,"Krishna river at Kshetra Mahuli, Village. Kshetra.Mahuli,Taluka. Mahuli, District. Satara.",River,Krishna ,Krishna ,Satara,Maharashtra,Maharashtra PCB,Monthly,Industrial Effluent,A (Drinking Water source without conventional treatment but after disinfection),,Industrial,Raining,Less than 50cm,"Bathing,Washing",Yes,Light Brown,Odor Free,0,26,5.5,7.9,280,4.2,0.87,21,540,1.8(BDL),3.09,5(BDL),66,12.8,16,1.68,0.51,82,44,38,5(BDL),11.52,223,182,12,0.22,0.5(BDL),1(BDL),0.4,NA,17°41.735’,74°03.286’
2188,45755,Aug,0.479166667,"Krishna river at Krishna. Venna Sangam Mahuli , Village. Mahuli,Taluka. Mahuli, District. Satara.",River,Krishna ,Krishna ,Satara,Maharashtra,Maharashtra PCB,Monthly,Industrial Effluent,A (Drinking Water source without conventional treatment but after disinfection),,Industrial,Raining,Less than 50cm,"Bathing,Washing",Yes,Light Brown,Odor Free,0,27,5.9,7.9,292,4,0.73,32,540,1.8(BDL),2.42,5(BDL),68,12.9,16,2.24,0.76,86,44,42,5.51,11.72,229,186,11,0.2(BDL),0.5(BDL),1(BDL),0.3,NA,17°41.445’,74°03.088’
2189,45785,Aug,0.479166667,"Koyna River at Karad, Village. Karad,Taluka. Karad, District. Satara.",River,Koyna ,Koyna ,Satara,Maharashtra,Maharashtra PCB,Monthly,Industrial Effluent,A (Drinking Water source without conventional treatment but after disinfection),,Industrial,Raining,Less than 50cm,"Bathing,Washing",Yes,Light Green,Odor Free,0,26,5.9,8.1,172,4.6,0.72,12,540,1.8(BDL),2.89,5(BDL),38,7.9,16,2.8,0.67,50,26,24,5.37,9.15,136,112,11,0.2(BDL),1.2,1(BDL),0.2(BDL),NA,17°16.668’,74°10.528’
2190,45846,Aug,0.4375,"Krishna river at Wai, Village. Wai,Taluka. Wai,District. Satara.",River,Krishna ,Krishna ,Satara,Maharashtra,Maharashtra PCB,Monthly,Industrial Effluent,A (Drinking Water source without conventional treatment but after disinfection),,Industrial,Raining,Less than 50cm,"Bathing,Washing",Yes,Clear,Odor Free,0,25,5.2,8.1,528,7.2,1.06,1.8(BDL),350,1.8(BDL),1(BDL),5(BDL),108,15.95,24,2.24,0.55,150,72,78,7.25,17.01,418,337,10(BDL),0.2(BDL),0.5(BDL),1(BDL),0.2(BDL),NA,17°34.304’,74°02.862’
2681,45755,Aug,0.166666667,"Nira river at Sangavi, Village. Sangavi, Taluka. Phaltan, District. Satara.",River,Nira ,Nira ,Satara,Maharashtra,Maharashtra PCB,Monthly,Industrial Effluent,A (Drinking Water source without conventional treatment but after disinfection),,Industrial,Raining,Less than 50cm,"Bathing,Washing",Yes,Clear,Odor Free,0,27,6.1,8.3,149,4,0.44,1.8(BDL),33,1.8(BDL),2.2,12,32,7.35,12,3.36,0.96,44,20,24,5(BDL),6,118,96,11,0.2(BDL),0.9,1(BDL),0.3,NA,18° 03.424’,74° 29.320’
2683,45755,Aug,0.104166667,"Nira river at Shindewadi,  Village. Shirval, Taluka. Khandala, District. Satara.",River,Nira ,Nira ,Satara,Maharashtra,Maharashtra PCB,Monthly,Industrial Effluent,A (Drinking Water source without conventional treatment but after disinfection),,Industrial,Raining,Less than 50cm,"Bathing,Washing",Yes,Light Brown,Odor Free,0,27,5.4,8.1,166,5.2,0.59,17,540,1.8(BDL),5.52,5(BDL),34,10.45,20,2.24,0.63,46,22,24,5(BDL),5.94,133,109,16,0.2(BDL),0.5(BDL),1(BDL),0.2(BDL),NA,18° 08.771’,73° 59.044’
2711,45785,Aug,0.416666667,"Urmodi river at Nagthne, Village. Nagthane,Taluka. Satara, District. Satara.",River,Urmodi ,Urmodi ,Satara,Maharashtra,Maharashtra PCB,Monthly,Industrial Effluent,A (Drinking Water source without conventional treatment but after disinfection),,Industrial,Raining,Less than 50cm,"Bathing,Washing",Yes,Light Brown,Odor Free,0,25,5.1,7.9,415,7.6,0.81,14,540,1.8(BDL),6.14,5(BDL),82,21.74,28,2.8,0.65,116,60,56,5(BDL),18.83,328,265,23,0.2(BDL),0.6,1(BDL),0.2(BDL),NA,17° 34.305’,74° 02.863’
2716,45846,Aug,0.166666667,"Venna river at  Mahabaleshwar, Village. Mahabaleshwar, Taluka. Mahabaleshwar, District. Satara.",River,Venna ,Venna ,Satara,Maharashtra,Maharashtra PCB,Monthly,Industrial Effluent,A (Drinking Water source without conventional treatment but after disinfection),,Industrial,Raining,Less than 50cm,"Bathing,Washing",Yes,Clear,Odor Free,0,24,6.4,7.5,45,3.8,0.52,17,220,1.8(BDL),2.34,5(BDL),20(BDL),6.75,12,1.5(BDL),0.4,16,8,8,7.85,5(BDL),36,30,12,0.2(BDL),0.5(BDL),1(BDL),0.2(BDL),NA,17° 55.296’,73° 41.475’
2717,45755,Aug,0.409722222,"Venna river at Mahuli, Village. Mahuli, Taluka. Mahuli, District. Satara.",River,Venna ,Venna ,Satara,Maharashtra,Maharashtra PCB,Monthly,Industrial Effluent,A (Drinking Water source without conventional treatment but after disinfection),,Industrial,Raining,Less than 50cm,"Bathing,Washing",Yes,Light Brown,Odor Free,0,26,6.4,8.1,277,3.6,0.62,46,350,1.8(BDL),3.69,5(BDL),60,14.2,12,2.24,0.7,80,40,40,5(BDL),11.08,221,181,11,0.2(BDL),0.5(BDL),1(BDL),0.2(BDL),NA,17° 41.566’,74° 03.043’
1194,45846,Aug,0.510416667,"Krishna river at Dhom Dam, Village. Wai, Taluka.Mahabaleshwar, District.Satara.",River,Krishna ,Krishna ,Satara,Maharashtra,Maharashtra PCB,Monthly,Industrial Effluent,A (Drinking Water source without conventional treatment but after disinfection),,Industrial,Raining,Less than 50cm,"Bathing,Washing",Yes,Clear,Odor Free,0,25,6.8,8.2,111,2.4,0.41,1.8(BDL),350,1.8(BDL),1(BDL),5(BDL),20(BDL),10.55,8,1.5(BDL),0.4,32,10,22,6.95,5(BDL),88,70,10(BDL),0.2(BDL),0.5(BDL),1(BDL),0.2(BDL),NA,17° 58’,73° 50’
28,45877,Aug,0.427083333,"Bhima river at Takli near Karnataka border, Village. Takali, Taluka. South Solapur,  District. Solapur.",River,Bhima ,Bhima ,Solapur,Maharashtra,Maharashtra PCB,Monthly,None,C (Drinking water source),,None,Clear,Greater than 100cm,Others,No,Clear,None,0,27,5.1,8.2,721,8.2,1.23,11,240,1.8(BDL),1.88,5(BDL),142,67.43,32,1.68,0.56,204,112,92,8.54,59.79,570,466,14,0.2(BDL),0.5(BDL),1.81,0.3,NA,17°24.910’,75°50.766 ’
1188,45846,Aug,0.59375,"Bhima river at Narsingpur  near Sangam bridge after confluence with Nira, Village. Narsingpur, Taluka.Malshiros, District. Solapur.",River,Bhima ,Bhima ,Solapur,Maharashtra,Maharashtra PCB,Monthly,None,C (Drinking water source),,None,Clear,Greater than 100cm,Others,No,Clear,None,0,30,5.2,8.3,610,7.2,1,350,1600,49,1.59,5(BDL),108,62.23,28,1.68,0.53,172,86,86,36,29.88,483,392,13,0.51,1,1(BDL),0.2(BDL),NA,17° 30’,75° 30’
1911,45846,Aug,0.517361111,"Chandrabhaga river at U/s of Pandharpur town, Village. Gursale,Taluka. Pandharpur, District. Solapur.",River,Chandrabhaga ,Chandrabhaga ,Solapur,Maharashtra,Maharashtra PCB,Monthly,None,C (Drinking water source),,None,Clear,Greater than 100cm,Others,No,Clear,None,0,30,5.1,8.2,816,7.6,0.92,12,430,1.8(BDL),2.41,5(BDL),162,82.42,32,2.24,0.69,228,118,110,8.51,32.85,648,530,11,0.22,0.5(BDL),1.99,0.2(BDL),NA,17°43.797',75°18.745'
1912,45846,Aug,0.479166667,"Chandrabhaga river at D/s of Pandharpur town rear Vishnupant Mandir, Village. Gopalpur,Taluka. Pandharpur,District. Solapur.",River,Chandrabhaga ,Chandrabhaga ,Solapur,Maharashtra,Maharashtra PCB,Monthly,None,B (Outdoor bathing(Organized)),,None,Clear,Greater than 100cm,"Bathing,Washing,Boating",No,Clear,None,0,30,4.7,8.3,796,8.6,1.56,1.8(BDL),540,1.8(BDL),2.43,6,154,78.93,36,1.5(BDL),0.4,224,114,110,8.16,48.57,624,510,16,0.93,0.5(BDL),1.16,0.7,NA,17°40.086',75°20.839'
2705,45877,Aug,0.427083333,"Sina river near Laboti toll naka, Village. Laboti,Taluka. Mohal, District. Solapur.",River,Sina ,Sina ,Solapur,Maharashtra,Maharashtra PCB,Monthly,None,No Information,,None,Clear,Greater than 100cm,Others,No,Clear,None,0,28,4.9,8,575,8.4,1.36,110,920,40,28.2,5(BDL),106,56.63,32,1.5(BDL),0.42,164,82,82,36,28.54,448,361,70,0.32,1.1,1(BDL),0.4,NA,17° 47.095’,75° 42.577’
2789,45846,Aug,0.565972222,"Nalla at D/s of Aklai Mandir, Village. Aklai, Taluka. Malshiras, District. Solapur.",Nala,Nira,Nira ,Solapur,Maharashtra,Maharashtra PCB,Monthly,None,B (Outdoor bathing(Organized)),,None,Clear,Greater than 100cm,"Bathing,Washing,Others",No,Clear,None,0,30,5.3,8.3,587,5.4,0.77,70,540,17,6.15,5(BDL),104,59.48,20,1.68,0.44,166,88,78,34.04,69.64,465,374,24,0.73,0.5(BDL),4.45,0.3,NA,17° 53.339’,75° 01.541’
5995,45877,Aug,0.465277778,"Ujani dam pumping station, Dist- Solapur ",Dam,NA,NA,Solapur,Maharashtra,Maharashtra PCB,Monthly,None,C (Drinking water source),,None,Clear,Greater than 100cm,"Bathing,Washing,Cultivation,Fishing,Boating,Gardening,Tourism Spot",No,Clear,None,0,28,6.2,8.3,734,4,0.55,26,110,2,2.12,5(BDL),134,69.98,12,1.68,0.52,208,110,98,37.88,30.91,580,472,14,0.2(BDL),0.5(BDL),1(BDL),0.2(BDL),NA,NA,NA
1312,45756,Sep,0.5625,"Godavari river at Jaikwadi Dam, Village. Paithan, Taluka. Paithan, District.Ch. Sambhaji Nagar.",River,Godavari,Godavari,Ch. Sambhaji Nagar,Maharashtra,Maharashtra PCB,Monthly,Industrial Effluent,A (Drinking Water source without conventional treatment but after disinfection),NA,Industrial,Clear,Greater than 100cm,Others,No,Clear,None,1,28,6.5,8.3,547,3.6,0.92,1.8(BDL),17,1.8(BDL),1.1,6,142,53.98,16,2.8,0.98,80,46,34,97.56,49.87,448,404,15,0.4,0.5(BDL),2.94,0.77,NA,19°29.263',75°22.272'
2158,45756,Sep,0.583333333,"Godavari river at U/s of Paithan at Paithan intake pump house, Village. Jayakwadi, Taluka. Paithan, District. Ch. Sambhaji Nagar.",River,Godavari,Godavari,Ch. Sambhaji Nagar,Maharashtra,Maharashtra PCB,Monthly,Industrial Effluent,A (Drinking Water source without conventional treatment but after disinfection),NA,Industrial,Clear,Greater than 100cm,Others,No,Clear,Odor Free,3,28,6.5,8.3,549,3.6,0.82,1.8(BDL),20,1.8(BDL),1.06,6,140,55.98,16,1.68,0.41,100,44,54,55.06,55.51,459,414,14,0.5,0.55,3.01,0.42,NA,19°30.887’,75°22.457’
2159,45756,Sep,0.604166667,"Godavari river at D/s of Paithan at Pathegaon bridge, Village. Pathegaon, Taluka. Paithan, District. Ch. Sambhaji Nagar.",River,Godavari,Godavari,Ch. Sambhaji Nagar,Maharashtra,Maharashtra PCB,Monthly,Industrial Effluent,A (Drinking Water source without conventional treatment but after disinfection),NA,Industrial,Clear,Greater than 100cm,Others,No,Clear,Odor Free,3,28,6.8,8.3,547,3.2,0.75,1.8(BDL),25,1.8(BDL),1.05,5(BDL),142,26.99,12,2.24,0.43,86,40,42,102.04,54.27,449,405,12,0.62,0.51,2.92,0.24,NA,19°28.835’,75°23.835’
2160,45756,Sep,0.510416667,"Godavari river at U/s of Aurangabad Reservoir,Kaigaon Tokka near Kaigaon bridge,Village. Kaigaon,Taluka. Gangapur,District. Ch. Sambhaji Nagar.",River,Godavari,Godavari,Ch. Sambhaji Nagar,Maharashtra,Maharashtra PCB,Monthly,Industrial Effluent,A (Drinking Water source without conventional treatment but after disinfection),NA,Industrial,Clear,Greater than 100cm,Others,No,Clear,Odor Free,3,28,6.9,8.3,547,3.2,0.99,1.8(BDL),21,1.8(BDL),1.12,6,138,53.98,12,1.68,0.4,100,44,54,77.5,53.72,451,406,12,0.29,0.57,2.89,0.32,NA,19°37.463’,75°01.490’
2161,45725,Sep,0.708333333,"Godavari river at Jalna Intake water pump house, Village. Shahabad, Taluka. Ambad, District. Jalna.",River,Godavari,Godavari,Jalna,Maharashtra,Maharashtra PCB,Monthly,Industrial Effluent,A (Drinking Water source without conventional treatment but after disinfection),NA,Industrial,Clear,Less than 50cm,Others,Yes,Clear,None,2.5,25,6,8.4,348,3.6,0.74,1.8(BDL),35,1.8(BDL),1.2,5(BDL),136,13,16,2.8,0.43,82,42,40,21.36,19.96,284,256,11,0.4,0.51,1.34,0.2(BDL),NA,19°21.392’,75°42.870’
2657,45725,Sep,0.625,"Bindusara river at Beed, near intake water pump house at Dam, Village. Paligaon, Taluka. Beed, District. Beed.",River,Bindusara,Bindusara,Beed,Maharashtra,Maharashtra PCB,Monthly,Industrial Effluent,A (Drinking Water source without conventional treatment but after disinfection),NA,Industrial,Clear,Less than 50cm,Others,Yes,Clear,None,1.5,24,6.6,8.4,352,3.2,1.1,1.8(BDL),21,1.8(BDL),1(BDL),6,140,12,12,1.68,0.43,80,40,40,33.12,20.59,288,260,13,0.29,0.5(BDL),1.27,0.3,NA,18° 54.922’,75° 44.236’
2157,45697,Sep,0.333333333,"Godavari river at Latur water intake near Pump house. Village. Dhamegaon, Taluka. Kalumb, District. Dharashiv",River,Godavari,Godavari,Latur,Maharashtra,Maharashtra PCB,Monthly,None,A (Drinking Water source without conventional treatment but after disinfection),NA,None,Cloudy,Greater than 100cm,Fishing,Yes,Light Brown,None,1,19,6.4,8.3,449,4.2,1.28,1.8(BDL),30,1.8(BDL),1.1,5(BDL),140,41.99,20,1.68,0.59,80,40,40,96.52,34.48,372,335,14,0.29,0.53,3.39,0.66,NA,18°33.243’,76°08.899’
2673,45697,Sep,0.3125,"Manjra river at D/s of Latur, near Latur. Nanded bridge, Village. Bhatkheda, Taluka. Latur, District. Latur.",River,Manjara,Manjara,Latur,Maharashtra,Maharashtra PCB,Monthly,Industrial Effluent,A (Drinking Water source without conventional treatment but after disinfection),NA,Industrial,Clear,Less than 50cm,"Bathing,Fishing",Yes,Clear,None,0,18,5.8,8.3,471,3.8,1,1.8(BDL),25,NA,1.01,6,142,39.99,16,2.24,0.51,100,42,58,56.44,38.22,396,357,18,0.21,0.56,3.1,0.96,NA,18° 25.826’,76° 40.253’
1209,45786,Sep,0.479166667,"Godavari river at Raher, Village.Raher, Taluka. Nayagaon, District. Nanded.",River,Godavari,Godavari,Nanded,Maharashtra,Maharashtra PCB,Monthly,Industrial Effluent,A (Drinking Water source without conventional treatment but after disinfection),NA,Industrial,Clear,Less than 50cm,Fishing,Yes,Clear,None,0,32,6,8.1,721,3.8,3.2,1.8(BDL),21,1.8(BDL),1.03,6,100,54.98,16,4.48,0.41,148,64,84,63.3,46.8,353,318,10(BDL),0.77,0.53,3.24,0.89,NA,18°53.781’,77°40.660’
1210,45725,Sep,0.427083333,"Godavari river near Intake water pump house, Village. Vishnupuri, Taluka. Nanded, District. Nanded.",River,Godavari,Godavari,Nanded,Maharashtra,Maharashtra PCB,Monthly,Industrial Effluent,A (Drinking Water source without conventional treatment but after disinfection),NA,Industrial,Clear,Less than 50cm,"Fishing,Boating,Tourism Spot",Yes,Clear,None,0,22,5.9,8.2,504,4,1.68,1.8(BDL),25,1.8(BDL),1.1,6,136,43.99,20,3.36,1.1,80,40,40,72.84,39.49,423,381,12,0.29,0.58,2.96,0.94,NA,19°07.611’,77°16.763’
5992,45725,Sep,0.46875,"Asna River, Dist- Nanded",River,NA,NA,Nanded,Maharashtra,Maharashtra PCB,Monthly,Industrial Effluent,A (Drinking Water source without conventional treatment but after disinfection),NA,Industrial,Clear,Less than 50cm,"Washing,Idol Emersion Wading",Yes,Clear,None,0,23,4.5,8.2,581,5.8,4,1.8(BDL),17,1.8(BDL),1.21,5(BDL),140,32.99,24,2.24,0.91,124,60,64,65.1,38.33,485,437,16,0.32,0.66,2.61,0.98,NA,19.175556,77.350556
12,45909,Sep,0.708333333,"Godavari river at Dhalegaon, Village. Dhalegaon, Taluka. Pathari,  District. Parbhani.",River,Godavari,Godavari,Parbhani,Maharashtra,Maharashtra PCB,Monthly,None,"E (Irrigation, industrial cooling and controlled waste)",NA,None,Clear,Greater than 100cm,Cultivation,Yes,Clear,None,0,18,7.6,8.4,418,2.2,1.46,1.8(BDL),17,1.8(BDL),1.02,6,136,28.99,8,1.68,0.61,80,42,38,56.84,44.12,354,319,12,0.27,0.5(BDL),3.86,0.55,NA,19°13.524’,76°21.854’
5991,45939,Sep,0.395833333,"Purna River, Yeldari dam, Dist- Parbhani",River,NA,NA,Parbhani,Maharashtra,Maharashtra PCB,Monthly,None,A (Drinking Water source without conventional treatment but after disinfection),NA,None,Clear,Greater than 100cm,Cultivation,Yes,Clear,None,0,19,5.8,8.1,404,4,1.8,1.8(BDL),20,1.8(BDL),1.01,6,140,29.99,16,1.68,0.61,102,40,62,50.48,24.72,345,311,11,0.31,0.57,3.22,0.39,NA,19.72034,76.73189
1153,45697,Sep,0.215277778,"Krishna river at Rajapur Weir, Village. Rajapur, Taluka. Shirol, District. Kolhapur.",River,Krishna,Krishna,Kolhapur,Maharashtra,Maharashtra PCB,Monthly,None,No Information,NA,None,Clear,Less than 50cm,"Bathing,Washing,Fishing,Others",No,Clear,Odor Free,0,28,6.7,8,117,2.8,1.01,6.8,27,1.8(BDL),1(BDL),5(BDL),70,17.54,16,1.5(BDL),0.44,64.2,36.8,27.4,6.93,6.28,100,90,12,0.2(BDL),NA,1(BDL),0.25,NA,16°37.717 ’,74°39.893’
1310,45697,Sep,0.270833333,"Krishna river at Kurundwad near Santaji Ghorpade Ghat , Village.Narshingwadi, Kurundwad, Taluka. Shirol, District. Kolhapur.",River,Krishna,Krishna,Kolhapur,Maharashtra,Maharashtra PCB,Monthly,None,No Information,NA,None,Clear,Less than 50cm,"Bathing,Washing,Fishing,Others",No,Clear,Odor Free,0,28,6.8,8.2,122,2.8,0.94,8.1,32,1.8(BDL),1(BDL),5(BDL),56,13.75,12,1.5(BDL),0.4,40.6,23,17.6,8.85,5(BDL),101,91,10(BDL),0.2(BDL),NA,1(BDL),0.36,NA,16°41.276’,74°36.055’
1904,45697,Sep,0.4375,"Panchaganga river at U/s of Kolhapur town near Balinga Pumping station, Village.Balinga, Taluka. Karvir, District. Kolhapur.",River,Panchganga,Panchganga,Kolhapur,Maharashtra,Maharashtra PCB,Monthly,None,No Information,NA,None,Clear,Less than 50cm,"Bathing,Washing,Fishing,Others",No,Clear,Odor Free,0,28,6.7,7.9,82,3,0.73,6.1,21,1.8(BDL),1(BDL),5(BDL),40,10.4,12,1.5(BDL),0.4,41.8,28.2,13.6,7.64,5(BDL),69,62,11,0.2(BDL),NA,1(BDL),0.25,NA,16°41.553',74°09.973'
1905,45697,Sep,0.322916667,"Panchaganga river at D/s of Kolhapur town at Gandhi nagar near NH.4 bridge and MIDC, Village. Uchegaon, Taluka. Kolhapur, District. Kolhapur.",River,Panchganga,Panchganga,Kolhapur,Maharashtra,Maharashtra PCB,Monthly,None,No Information,NA,None,Clear,Less than 50cm,"Bathing,Washing,Fishing,Others",No,Clear,Odor Free,0,28,6.7,8.1,84,3,0.63,8.2,33,1.8(BDL),1(BDL),5(BDL),44,11.4,12,1.5(BDL),0.4,30,18.8,11.2,6.5,5(BDL),65,58,11,0.2(BDL),NA,1(BDL),0.28,NA,16°42.697',74°16.822'
2163,45697,Sep,0.291666667,"Panchaganga river at Shirol near Shirol Intake well, Village. Shirol, Taluka. Shirol, District. Kolhapur.",River,Panchganga,Panchganga,Kolhapur,Maharashtra,Maharashtra PCB,Monthly,None,No Information,NA,None,Clear,Less than 50cm,"Bathing,Washing,Fishing,Others",No,Clear,Odor Free,0,28,6.7,8.3,173,3,1.02,8.3,27,1.8(BDL),1(BDL),5(BDL),50,13.1,16,1.5(BDL),0.4,42.4,22,20.4,7,5(BDL),131,118,12,0.2(BDL),0.5(BDL),1(BDL),0.41,NA,16º43.313',74º35.672'
1311,45697,Sep,0.184027778,"Panchaganga river at Ichalkaranji near MIDC  intake well. Village. Shiradhwad  (Ichalkaranji ghat), Taluka.Hatkanangale, District. Kolhapur.",River,Panchganga,Panchganga,Kolhapur,Maharashtra,Maharashtra PCB,Monthly,None,No Information,NA,None,Clear,Less than 50cm,"Bathing,Washing,Fishing,Others",No,Clear,Odor Free,0,28,6.7,7.3,111,2.8,0.67,6.8,25,1.8(BDL),1.1,5(BDL),56,9.75,12,1.5(BDL),0.4,44,34.2,9.8,7.13,5(BDL),87,78,12,0.2(BDL),NA,1(BDL),0.44,NA,16°39.950’,74°28.495’
5986,45697,Sep,0.489583333,"Bhogawati River water sample at Haldi KT Weir, Tal. Karveer, Dist. Kolhapur ",River,NA,NA,Kolhapur,Maharashtra,Maharashtra PCB,Monthly,None,No Information,NA,None,Clear,Less than 50cm,"Bathing,Washing,Fishing,Others",No,Clear,Odor Free,0,28,6.6,8.1,88,3,0.58,6.8,26,1.8(BDL),1(BDL),5(BDL),42,11.4,16,1.5(BDL),0.4,32.6,23.4,9.2,6.93,5(BDL),73,65,12,0.2(BDL),NA,1(BDL),0.32,NA,16.5833,74.15
5987,45697,Sep,0.194444444,"Panchaganga River, Terwad bandhara, Dist- Kolhapur",River,NA,NA,Kolhapur,Maharashtra,Maharashtra PCB,Monthly,None,No Information,NA,None,Clear,Less than 50cm,"Bathing,Washing,Fishing,Others",No,Clear,Odor Free,0,28,6.4,7.8,120,3,0.9,6.1,24,1.8(BDL),1(BDL),5(BDL),54,13.1,12,1.5(BDL),0.4,42.8,23.2,19.6,7.92,5(BDL),93,83,11,0.2(BDL),NA,1(BDL),0.36,NA,16.67253,74.572223
37,45725,Sep,0.5,"Krishna river at Maighat, Village. Gawali gally, Taluka. Miraj,  District. Sangli.",River,Krishna,Krishna,Sangli,Maharashtra,Maharashtra PCB,Monthly,Industrial Effluent,A (Drinking Water source without conventional treatment but after disinfection),NA,Industrial,Clear,Less than 50cm,Others,No,Clear,Odor Free,0,25,6.4,8,340,3.2,1.74,8.2,32,1.8(BDL),1.2,5(BDL),126,27.29,12,1.5(BDL),0.4,111,60.8,50.2,6,9.78,252,224,10(BDL),0.2(BDL),NA,1(BDL),0.31,NA,16°51.710’,74°33.459 ’
1906,45725,Sep,0.166666667,"Krishna river at Walwa, D/s of Islampur near Vithal Temple, Village. Walwa, Taluka. Walwa, District. Sangli.",River,Krishna,Krishna,Sangli,Maharashtra,Maharashtra PCB,Monthly,Industrial Effluent,A (Drinking Water source without conventional treatment but after disinfection),NA,Industrial,Clear,Less than 50cm,Others,No,Clear,Odor Free,0,25,6.7,8.3,2474,3,1.32,6.1,26,1.8(BDL),1.1,5(BDL),104,17.14,12,1.5(BDL),0.4,86.6,52.8,33.8,6.4,6.14,186,164,11,0.2(BDL),NA,1(BDL),0.26,NA,17°01.674,74°22.131'
5988,45725,Sep,0.135416667,"Krishna River at nagthane KT weir, nagthane, Tal-Walwa, Dist-Sangli",River,NA,NA,Sangli,Maharashtra,Maharashtra PCB,Monthly,Industrial Effluent,A (Drinking Water source without conventional treatment but after disinfection),NA,Industrial,Clear,Less than 50cm,Others,No,Clear,Odor Free,0,25,6.6,8.2,2374,3,1.36,6.8,27,1.8(BDL),1(BDL),5(BDL),108,19.14,16,1.5(BDL),0.4,85.2,51.4,33.8,7.23,6.74,179,159,10(BDL),0.2(BDL),NA,1(BDL),0.2(BDL),NA,17.02545,74.39523
5989,45725,Sep,0.458333333,"Krishna River at krishna ghat, miraj Dist-Sangli",River,NA,NA,Sangli,Maharashtra,Maharashtra PCB,Monthly,Industrial Effluent,A (Drinking Water source without conventional treatment but after disinfection),NA,Industrial,Clear,Less than 50cm,Others,No,muddish,Odor Free,0,25,6.6,8.1,2483,3,1.32,9.2,33,1.8(BDL),1(BDL),5(BDL),1040,18.69,16,1.5(BDL),0.4,86,52,34,6.65,6.81,188,169,10(BDL),0.2(BDL),NA,1(BDL),0.22,NA,16.78852,74.6315
5990,45725,Sep,0.479166667,"Krishna River at new haripur bridge, Tal- Miraj, Dist-Sangli",River,NA,NA,Sangli,Maharashtra,Maharashtra PCB,Monthly,Industrial Effluent,A (Drinking Water source without conventional treatment but after disinfection),NA,Industrial,Clear,Less than 50cm,Others,No,Muddish,Odor Free,0,25,6.3,8,3325,3,1.73,8.1,32,1.8(BDL),1(BDL),5(BDL),1300,31.79,12,1.5(BDL),0.4,115.4,61.2,54.2,12.37,11.47,248,223,11,0.2(BDL),NA,1(BDL),0.2(BDL),NA,16.84793,74.53857
2164,45725,Sep,0.78125,"Vashishti river at U/s of Three M Paper Mills near M/s Multifilms Plastic  Pvt. Ltd ., Village. Kherdi, Taluka. Chiplun, District. Ratnagiri.",River,Vashisthi,Vashisthi,Ratnagiri,Maharashtra,Maharashtra PCB,Monthly,Industrial Effluent,A (Drinking Water source without conventional treatment but after disinfection),NA,Industrial,Clear,Less than 50cm,Others,Yes,Clear,None,0,NA,6.7,7.6,92,3,0.33,9.3,34,1.8(BDL),1(BDL),5(BDL),480,11,16,1.5(BDL),0.4,37.4,29.2,8.2,7.65,5(BDL),72,65,10(BDL),0.2(BDL),NA,1(BDL),0.2(BDL),NA,17°31.513’,73°33.057’
2713,45756,Sep,0.475694444,"Vashishti river at D/s of Three M Paper Mills near Chiplun water intake  jackwell,  Village. Kherdi, Taluka. Chiplun, District. Ratnagiri.",River,Vashisthi,Vashisthi,Ratnagiri,Maharashtra,Maharashtra PCB,Monthly,Industrial Effluent,A (Drinking Water source without conventional treatment but after disinfection),NA,Industrial,Clear,Less than 50cm,Others,Yes,Clear,None,0,NA,6.7,7.5,87,3.2,NA,6.1,24,1.8(BDL),1(BDL),5(BDL),54,7,16,1.5(BDL),0.4,38,26.6,11.4,6,5(BDL),66,59,11,0.2(BDL),NA,1(BDL),BDL,NA,17° 39.567’,73° 32.357’
2714,45725,Sep,0.333333333,"Vashishti river at U/s of Pophali near Konphansawane bridge, Village. Pophali, Taluka. Chiplun, District. Ratnagiri.",River,Vashisthi,Vashisthi,Ratnagiri,Maharashtra,Maharashtra PCB,Monthly,Industrial Effluent,A (Drinking Water source without conventional treatment but after disinfection),NA,Industrial,Clear,Less than 50cm,Others,Yes,Clear,None,0,NA,6.7,7.6,67,3,0.32,6,21,1.8(BDL),1(BDL),5(BDL),380,7.85,16,1.5(BDL),0.44,25.8,18.8,7,7.71,5(BDL),57,51,11,0.2(BDL),NA,1(BDL),0.26,NA,17° 26.266’,73° 39.420’
2804,45725,Sep,0.729166667,"Karambavane creek at Chiplun, Village. Karambavane, Taluka. Chiplun, District. Ratnagiri.",Creek,Karambavane,Karambavane,Ratnagiri,Maharashtra,Maharashtra PCB,Monthly,Industrial Effluent,A (Drinking Water source without conventional treatment but after disinfection),NA,Industrial,Clear,Less than 50cm,Others,Yes,Clear,None,0,NA,6.6,7.6,102,2.8,0.33,6,21,1.8(BDL),1(BDL),5(BDL),46,12.85,12,1.5(BDL),0.4,31.4,14.6,16.8,7.75,5(BDL),82,74,10(BDL),0.2(BDL),NA,1(BDL),0.2(BDL),NA,17° 34.867’,73° 25.913’
2676,45725,Sep,0.520833333,"Muchkundi river at Waked, Ratnagiri, near M/s Asahi India Glass Ltd., Village. Waked, Taluka. Lanja, District. Ratnagiri.",River,Muchkundi,Muchkundi,Ratnagiri,Maharashtra,Maharashtra PCB,Monthly,None,C (Drinking water source),NA,None,Clear,50-100cm,Idol Emersion Wading,Yes,Clear,Odor Free,0,26,6.8,7.3,86,3,0.33,6.8,27,1.8(BDL),1.2,5(BDL),38,13.35,16,1.5(BDL),0.4,29,20,9,8.45,5(BDL),69,60,12,0.2(BDL),0.5(BDL),1(BDL),0.36,NA,16° 46.450’,73° 34.968’
2813,45725,Sep,0.329861111,"Sea Water at Ganapathipule, Village. Ganapatipule, Taluka. Ratnagiri,  District. Ratnagiri.",Sea,Ganptipule,Ganptipule,Ratnagiri,Maharashtra,Maharashtra PCB,Monthly,None,B (Outdoor bathing(Organized)),NA,None,Clear,50-100cm,"Bathing,Fishing,Boating,Tourism Spot,Idol Emersion Wading",Yes,Clear,None,0,26,5.8,8,40300,14,0.63,14,94,NA,1(BDL),12,110,18019.41,284,1.68,0.4,4260,800,3460,1346.5,6458,36421,32770,13,0.2(BDL),NA,200,1.1,NA,17° 08.721’,73° 15.930’
2814,45725,Sep,0.440972222,"Sea water at Bhagwati Bunder, Ratnagiri near Ultra Tech Cement Jetty , Village. Mirkarwada, Taluka. Ratnagiri, District. Ratnagiri.",Sea,Bhagwati Bundar,Bhagwati Bundar,Ratnagiri,Maharashtra,Maharashtra PCB,Monthly,00:00:00,B (Outdoor bathing(Organized)),NA,Muncipal Sewage,Clear,50-100cm,"Bathing,Fishing,Boating,Tourism Spot,Idol Emersion Wading",Yes,Clear,Odor Free,0,25,5.8,8,40340,16,0.59,17,110,NA,1(BDL),10,114,17969.43,224,1.5(BDL),0.4,4230,805,3425,1234.5,6342,36528,32870,13,0.2(BDL),NA,196,1.25,NA,16° 59.932’,73° 16.349’
2815,45725,Sep,0.427083333,"Madvi sea water at Ratnagiri near Jodhale Maruti Temple,  Village. Madvigaon, Taluka. Ratnagiri, District. Ratnagiri.",Sea,Mandvi,Mandvi,Ratnagiri,Maharashtra,Maharashtra PCB,Monthly,Industrial Effluent,B (Outdoor bathing(Organized)),NA,Muncipal Sewage,Clear,Less than 50cm,"Bathing,Fishing,Boating,Tourism Spot,Idol Emersion Wading",Yes,Clear,Odor Free,0,25,6.7,7.3,872,3,0.56,8.3,39,NA,1(BDL),5(BDL),44,207.14,20,1.5(BDL),0.4,75.8,31.6,44.19,7.46,74.2,642,578,11,0.2(BDL),NA,2.29,0.7,NA,16° 59.312’,73° 17.055’
2790,45725,Sep,0.451388889,"Pimpal.Paneri nalla at Ratnagiri near Finolex Industries, Village. Yahganigaon, Taluka. Ratnagiri, District. Ratnagiri.",Nala,Pimpal Paneri,Pimpal Paneri,Ratnagiri,Maharashtra,Maharashtra PCB,Monthly,None,No Information,NA,None,Clear,NO Information,Others,Yes,Clear,Odor Free,0,26,6.7,7,263,3,0.84,6.1,26,1.8(BDL),1(BDL),5(BDL),54,55.73,12,1.5(BDL),0.4,54.4,40,14.4,7.54,19.7,198,178,11,0.2(BDL),0.5(BDL),1(BDL),0.32,NA,16° 55.175’,73° 17.944’
2199,45725,Sep,0.482638889,"Savitri river at Ovale village, Village. Ovale, Taluka. Mahad, District. Raigad.",River,Savitri,Savitri,Raigad,Maharashtra,Maharashtra PCB,Monthly,Industrial Effluent,A (Drinking Water source without conventional treatment but after disinfection),NA,Industrial,Clear,Less than 50cm,Fishing,Yes,Clear,None,0,28,6.7,7.5,150,2.8,0.65,6.1,26,1.8(BDL),1(BDL),5(BDL),50,21.44,16,1.5(BDL),0.4,46.4,24,22.4,6.39,7.68,114,99,10(BDL),0.2(BDL),NA,1(BDL),0.35,NA,18°04.239’,73°19.942’
2701,45725,Sep,0.583333333,"Savitri river Jackwell at Upsa kendre , Village. Nangalwadi, Taluka. Mahad, District. Raigad.",River,Savitri,Savitri,Raigad,Maharashtra,Maharashtra PCB,Monthly,Industrial Effluent,A (Drinking Water source without conventional treatment but after disinfection),NA,Industrial,Clear,Less than 50cm,"Washing,Fishing",Yes,Clear,None,0,28,6.7,7.6,85,3.2,0.43,6.8,31,1.8(BDL),1(BDL),5(BDL),42,7.8,16,1.5(BDL),0.4,38.2,18,20.2,7.77,5(BDL),72,63,10(BDL),0.2(BDL),NA,1(BDL),0.35,NA,18° 05.515’,73° 27.943’
2702,45725,Sep,0.559027778,"Savitri river at Shedav Dov, Village. Shedav Dov, Taluka. Mahad, District. Raigad.",River,Savitri,Savitri,Raigad,Maharashtra,Maharashtra PCB,Monthly,Industrial Effluent,A (Drinking Water source without conventional treatment but after disinfection),NA,Industrial,Clear,Less than 50cm,"Washing,Fishing",Yes,Clear,None,0,28,6.5,7.6,94,3,0.4,9.2,39,1.8(BDL),1(BDL),5(BDL),46,10.15,12,1.5(BDL),0.44,35,20,15,8.13,5(BDL),77,66,10(BDL),0.2(BDL),NA,1(BDL),0.23,NA,18° 05.177’,73° 26.613’
2703,45725,Sep,0.541666667,"Savitri river at Dadli road bridge, Village. Dadli, Taluka. Mahad, District. Raigad.",River,Savitri,Savitri,Raigad,Maharashtra,Maharashtra PCB,Monthly,Industrial Effluent,A (Drinking Water source without conventional treatment but after disinfection),NA,Industrial,Clear,Less than 50cm,"Washing,Fishing",Yes,Clear,None,0,28,6.7,7.4,99,3,0.42,8.2,31,1.8(BDL),1(BDL),5(BDL),46,12.55,12,1.5(BDL),0.4,38.4,20,18.2,7.01,5(BDL),79,69,11,0.2(BDL),NA,1(BDL),0.26,NA,18° 04.455’,73° 25.237’
2704,45725,Sep,0.517361111,"Savitri river at Muthavali village,  Village. Muthavali, Taluka. Mahad, District. Raigad.",River,Savitri,Savitri,Raigad,Maharashtra,Maharashtra PCB,Monthly,Industrial Effluent,A (Drinking Water source without conventional treatment but after disinfection),NA,Industrial,Clear,Less than 50cm,Fishing,Yes,Clear,None,0,28,6.7,7.5,91,3.2,0.3(BDL),8.1,33,1.8(BDL),1(BDL),5(BDL),46,11.35,16,1.5(BDL),0.4,42,19.6,22.4,7.65,5(BDL),75,64,11,0.2(BDL),NA,1(BDL),0.31,NA,18° 04.317’,73° 23.647’
5996,45909,Sep,0.503472222,"Ulhas river neral, Tal- Karjat, Dist- Raigad",River,NA,NA,Raigad,Maharashtra,Maharashtra PCB,Monthly,Industrial Effluent,A (Drinking Water source without conventional treatment but after disinfection),NA,Industrial,Clear,Less than 50cm,"Bathing,Washing,Gardening,Others",Yes,Clear,None,0,29,6.8,7.6,129,2.8,0.3(BDL),1.8(BDL),94,1.8(BDL),1(BDL),5(BDL),62,9.5,20,1.5(BDL),0.4,70,32,38,5(BDL),5.5,109,89,10(BDL),0.2(BDL),0.5(BDL),1(BDL),0.2(BDL),NA,18.73856,73.32371
5997,45878,Sep,0.774305556,"Kundalika river , kolad, Dist- Raigad",River,NA,NA,Raigad,Maharashtra,Maharashtra PCB,Monthly,Industrial Effluent,A (Drinking Water source without conventional treatment but after disinfection),NA,Industrial,Clear,Less than 50cm,"Bathing,Washing,Gardening,Others",Yes,Clear,None,0,29,7.2,7.8,75,3,0.3(BDL),6.3,280,1.8(BDL),1(BDL),5(BDL),36,8.5,16,1.5(BDL),0.4,40,20,20,5(BDL),5(BDL),63,53,10(BDL),0.2(BDL),0.5(BDL),1(BDL),0.2(BDL),NA,18.411402,73.2122
2165,45909,Sep,0.5,"Sea water at Gateway of India, Village. Colaba, Taluka. Colaba, District. Mumbai.",Sea, Gate Way of India, Gate Way of India,Mumbai,Maharashtra,Maharashtra PCB,Monthly,Industrial Effluent,No Information,NA,Industrial,Clear,Less than 50cm,Others,Yes,Clear,Odor Free,0,28,4.3,7.8,36370,13,1.1,170,920,NA,1.04,5(BDL),118,14895.38,228,2.24,0.4,5080,760,4320,2490,7459,34050,28942,18,0.2(BDL),0.5(BDL),211.8,0.61,NA,18°55.348’,72°50.081’
2166,45909,Sep,0.5625,"Sea water at Charni road choupathy, Village. Girgaon, Taluka. Mumbai, District. Mumbai.",Sea,Churni Road,Churni Road,Mumbai,Maharashtra,Maharashtra PCB,Monthly,Industrial Effluent,No Information,NA,Industrial,Clear,Less than 50cm,Others,Yes,Clear,Odor Free,0,28,4.6,8.1,36290,13,1.09,220,920,NA,1(BDL),5(BDL),120,15395.23,212,2.24,0.4,6240,840,5400,2068,7537,32847,27294,24,0.2(BDL),0.5(BDL),209.45,0.61,NA,18°56.977’,72°49.127’
2167,45939,Sep,0.458333333,"Sea water at Worli seaface, Village. Worli, Taluka. Worli, District. Mumbai.",Sea,Worli Seaface,Worli Seaface,Mumbai,Maharashtra,Maharashtra PCB,Monthly,Industrial Effluent,No Information,NA,Industrial,Clear,Less than 50cm,Others,Yes,Clear,Odor Free,0,28,4.6,7.7,35940,13,1.13,350,1600,NA,1(BDL),5(BDL),112,15395.23,208,2.24,0.4,5160,720,4440,1988,6287,32549,27050,26,0.2(BDL),0.5(BDL),201.3,0.64,NA,18°59.820’,72°48.722’
1318,45939,Sep,0.416666667,"Mahim creek at Mahim Bay, Village. Mahim, Taluka. Mumbai, District. Mumbai.",Creek,Mahim Creek,Mahim Creek,Mumbai,Maharashtra,Maharashtra PCB,Monthly,Industrial Effluent,No Information,NA,Industrial,Clear,Less than 50cm,Others,Yes,Clear,Odor Free,0,28,4.7,7.7,36380,13.5,1.06,540,1600,NA,1(BDL),5(BDL),114,15595.16,208,2.24,0.4,5040,800,4240,1900,7686,32923,27357,35,0.2(BDL),0.5(BDL),210.35,0.65,NA,19° 02’,72° 48’
2811,45939,Sep,0.4375,"Sea water at Shivaji park ( Dadar choupathy), Village. Dadar, Taluka.Dadar,  District. Mumbai.",Sea,Shivaji Park ,Shivaji Park ,Mumbai,Maharashtra,Maharashtra PCB,Monthly,Industrial Effluent,No Information,NA,Industrial,Clear,Less than 50cm,Others,Yes,Clear,Odor Free,0,28,4.6,7.8,35830,13,1.17,280,1600,NA,1.15,5(BDL),118,14395.54,192,2.24,0.4,4960,800,4160,1920,7186,32456,26974,26,0.2(BDL),0.5(BDL),173.05,0.61,NA,19° 01.570’,72° 50.069’
2810,45909,Sep,0.604166667,"Sea water at Haji Ali, Village. Worli, Taluka. Worli, District. Mumbai.",Sea,Haji Ali,Haji Ali,Mumbai,Maharashtra,Maharashtra PCB,Monthly,Industrial Effluent,No Information,NA,Industrial,Clear,Less than 50cm,Others,Yes,Clear,Odor Free,0,28,4.7,7.7,35910,12,1.09,170,920,NA,1(BDL),5(BDL),118,17394.61,196,2.24,0.4,4960,840,4120,2002,8479,33524,27029,44,0.2(BDL),0.5(BDL),223.3,0.56,NA,18° 58.722’,72° 48.685’
2809,45909,Sep,0.583333333,"Sea water at Malabar Hill, Village. Walkeshwar,Taluka. Mumbai,District. Mumbai.",Sea, Malabar Hill, Malabar Hill,Mumbai,Maharashtra,Maharashtra PCB,Monthly,Industrial Effluent,No Information,NA,Industrial,Clear,Less than 50cm,Others,Yes,Clear,Odor Free,0,28,4.9,7.8,36260,12,1.01,220,920,NA,1(BDL),5(BDL),112,15895.07,204,2.24,0.4,6440,880,5560,1920,7747,32821,27273,42,0.2(BDL),0.5(BDL),206.8,0.69,NA,18° 57.176’,72° 48.400’
1317,45909,Sep,0.333333333,"Thane creek at Elephanta Island, Village. Elephanta Island , Taluka. Mumbai, District. Mumbai.",Creek, Eliphanta Island, Eliphanta Island,Mumbai,Maharashtra,Maharashtra PCB,Monthly,Industrial Effluent,No Information,NA,Industrial,Clear,Less than 50cm,Others,Yes,Clear,Odor Free,0,28,4.7,7.6,35880,13.5,1.11,220,920,NA,1.69,5(BDL),114,15395.23,196,2.24,0.4,4720,800,3920,1995,7618,32498,27008,32,0.2(BDL),0.5(BDL),209.8,0.61,NA,18° 57’,72° 57’
2808,45909,Sep,0.541666667,"Sea water at Nariman Point, Village. Colaba, Taluka. Colaba, District. Mumbai.",Sea,Narimen Point,Narimen Point,Mumbai,Maharashtra,Maharashtra PCB,Monthly,Industrial Effluent,No Information,NA,Industrial,Clear,Less than 50cm,Others,Yes,Clear,Odor Free,0,28,4.5,7.6,36860,13,1.15,170,540,NA,1(BDL),5(BDL),118,16594.85,204,2.24,0.4,4800,840,3960,1998,8086,32481,26994,30,0.2(BDL),0.5(BDL),210.6,0.64,NA,18° 55.534’,72° 49.108’
2168,45909,Sep,0.666666667,"Mithi river near Road bridge, Village. Mahim, Taluka. Bandra, District. Mumbai.",River,Mithi River,Mithi River,Mumbai,Maharashtra,Maharashtra PCB,Monthly,Industrial Effluent,No Information,NA,Muncipal Sewage,Clear,Less than 50cm,Others,Yes,Slight Blackish,Odor Free,0,28,3.5,7.2,345,18,0.8,1400,9200,110,1(BDL),5(BDL),102,34.49,52,8.96,4.35,102,86,16,13.72,18.04,294,241,10(BDL),0.2(BDL),0.5(BDL),1(BDL),0.2(BDL),NA,19°03.095’,72°50.907’
2169,45725,Sep,0.75,"Sea water at Versova beach, Village. Versova, Taluka. Andheri, District. Mumbai.",Sea,Versova Beach,Versova Beach,Mumbai,Maharashtra,Maharashtra PCB,Monthly,Industrial Effluent,No Information,NA,Muncipal Sewage,Clear,Less than 50cm,Others,Yes,Light Brown,None,0,28,4.8,7.5,23190,14,0.94,280,920,NA,3.35,5(BDL),118,9796.96,220,2.24,0.4,3000,500,2500,1925,4221.5,19712,16193,52,0.2(BDL),0.5(BDL),173.65,0.48,NA,19°08.321’,72°48.349’
2812,45725,Sep,0.708333333,"Sea water at Juhu beach,  Village. Juhugaon, Taluka. Santacruz,  District. Mumbai.",Sea,Juhu  Beach,Juhu  Beach,Mumbai,Maharashtra,Maharashtra PCB,Monthly,Industrial Effluent,No Information,NA,Muncipal Sewage,Clear,Less than 50cm,Others,Yes,Light Brown,Odor Free,0,28,4.2,7.2,23680,13,0.71,240,920,NA,1(BDL),5(BDL),118,10046.88,196,2.24,0.4,3220,600,2620,157.72,4346.5,20928,16905,52,0.2(BDL),0.5(BDL),151.15,0.48,NA,19° 05.795’,72° 49.564’
2782,45909,Sep,0.565972222,"Rabodi nalla, Village. Rabodi,Taluka. Thane, District. Thane.",Nala,Rabodi,Rabodi,Thane,Maharashtra,Maharashtra PCB,Monthly,Industrial Effluent,A (Drinking Water source without conventional treatment but after disinfection),NA,Industrial,Clear,Less than 50cm,Others,Yes,Clear,None,0,30,2.3,7.5,1086,18,0.58,140,920,NA,1(BDL),5(BDL),152,243.92,44,4.48,2.82,182,92,90,48.4,146.34,923,757,30,0.2(BDL),0.5(BDL),13.3,0.2(BDL),NA,19° 12.081’,72° 59.173’
2783,45909,Sep,0.607638889,"Colour chem  Nalla, Village. Majiwada,Taluka. Thane,District. Thane.",Nala,Colour Chem ,Colour Chem ,Thane,Maharashtra,Maharashtra PCB,Monthly,Industrial Effluent,A (Drinking Water source without conventional treatment but after disinfection),NA,Industrial,Clear,Less than 50cm,Others,Yes,Clear,None,0,30,2.4,7.4,1068,18,0.76,140,540,NA,1(BDL),5(BDL),154,227.93,36,4.48,2.73,180,88,92,46.32,112.72,908,744,21,0.2(BDL),0.5(BDL),16.43,0.2(BDL),NA,19° 12.957’,72° 59.153’
2784,45909,Sep,0.631944444,"Sandoz nalla, Village. Sandozbaug,Taluka. Thane,District. Thane.",Nala,Sandoz ,Sandoz ,Thane,Maharashtra,Maharashtra PCB,Monthly,Industrial Effluent,A (Drinking Water source without conventional treatment but after disinfection),NA,Industrial,Clear,Less than 50cm,Others,Yes,Clear,None,0,30,2.5,7.3,612,20,2.13,140,920,NA,1(BDL),5(BDL),196,57.98,40,12.32,7.32,176,114,62,47.94,29.91,520,427,25,0.2(BDL),0.5(BDL),5.9,0.2(BDL),NA,19° 14.219’,72° 59.844’
2792,45909,Sep,0.534722222,"Ulhas creek at Mumbra Reti bunder, Village. Mumbra,Taluka. Thane, District. Thane.",Creek,Ulhas ,Ulhas ,Thane,Maharashtra,Maharashtra PCB,Monthly,Industrial Effluent,A (Drinking Water source without conventional treatment but after disinfection),NA,Industrial,Clear,Less than 50cm,Others,Yes,Clear,None,0,30,5.8,7.4,439,6,0.38,94,430,NA,1(BDL),5(BDL),100,73.48,20,3.36,2,112,58,54,20.75,36.22,373,306,16,0.2(BDL),0.5(BDL),3.85,0.2(BDL),NA,19° 12.573’,73° 01.068’
2793,45909,Sep,0.552083333,"Thane creek at Kalwa road bridge, Village. Kalwa,Taluka. Thane,District. Thane.",Creek,Thane ,Thane ,Thane,Maharashtra,Maharashtra PCB,Monthly,Industrial Effluent,A (Drinking Water source without conventional treatment but after disinfection),NA,Industrial,Clear,Less than 50cm,Others,Yes,Clear,None,0,30,2.5,7.4,1451,16,0.48,240,540,NA,1.48,5(BDL),146,402.38,100,4.48,2.8,218,92,126,66.56,197.9,1233.01,1011,53,0.2(BDL),0.5(BDL),15.09,0.2(BDL),NA,19° 11.736’,72° 59.152’
2794,45909,Sep,0.513888889,"Ulhas creek at Kolshet Reti bunder, Village. Kolshet, Taluka. Thane, District. Thane.",Creek,Ulhas ,Ulhas ,Thane,Maharashtra,Maharashtra PCB,Monthly,Industrial Effluent,A (Drinking Water source without conventional treatment but after disinfection),NA,Industrial,Clear,Less than 50cm,Others,Yes,Clear,None,0,30,6.9,7.5,260,3.6,0.43,14,130,NA,1(BDL),5(BDL),80,32.49,12,3.36,1.97,82,58,24,14.69,16.45,221,181,24,0.2(BDL),0.5(BDL),1.65,0.2(BDL),NA,19° 14.723’,72° 59.856’
2795,45909,Sep,0.5,"Ulhas creek at Gaimukh at Nagla Bunder on Ghod bunder road, Village. Nagla,Taluka. Thane,District. Thane.",Creek,Ulhas ,Ulhas ,Thane,Maharashtra,Maharashtra PCB,Monthly,Industrial Effluent,A (Drinking Water source without conventional treatment but after disinfection),NA,Industrial,Clear,Less than 50cm,Others,Yes,Clear,None,0,30,6.8,7.6,172,4,0.46,22,79,NA,1(BDL),5(BDL),66,19.49,16,3.36,1.94,70,42,28,8.58,12.22,146,120,16,0.2(BDL),0.5(BDL),1(BDL),0.2(BDL),NA,19° 17.229’,72° 56.310’
1316,45725,Sep,0.520833333,"Bassein creek at VasaiFort , Village. Bassein, Taluka. Vasai, District. Thane.",Creek,Bassein ,Bassein ,Thane,Maharashtra,Maharashtra PCB,Monthly,Industrial Effluent,A (Drinking Water source without conventional treatment but after disinfection),NA,Industrial,Clear,Less than 50cm,Others,Yes,Clear,None,0,28,4.1,7,1116,8,0.72,240,920,NA,1.15,5(BDL),100,269.92,56,2.24,0.4,168,64,104,71.26,124.02,949,778,38,0.2(BDL),0.5(BDL),5.3,0.2(BDL),NA,19° 18’,72° 46’
2696,45725,Sep,0.4375,"Pehlar Dam on Pehlar river. inlet of water works, Village. Pehlar, Taluka. Vasai, District. Thane.",Dam,Pehlar,Pehlar ,Thane,Maharashtra,Maharashtra PCB,Monthly,Industrial Effluent,A (Drinking Water source without conventional treatment but after disinfection),NA,Industrial,Clear,Less than 50cm,Others,Yes,Clear,None,0,26,7,7.5,116,2.8,0.43,1.8(BDL),22,1.8(BDL),1(BDL),BDL,46,11.5,24,1.5(BDL),0.4,50,30,20,7.67,5.78,99,82,BDL,0.2(BDL),0.5(BDL),1(BDL),0.2(BDL),NA,19° 26.601’,72° 53.374’
2796,45725,Sep,0.416666667,"Ulhas creek at Versova bridge, Village. Versova, Taluka. Vasai, District. Thane.",Creek,Ulhas ,Ulhas ,Thane,Maharashtra,Maharashtra PCB,Monthly,Industrial Effluent,A (Drinking Water source without conventional treatment but after disinfection),NA,Industrial,Clear,Less than 50cm,Others,Yes,Clear,None,0,26,5.9,7.3,202,6,0.44,110,540,NA,1(BDL),5(BDL),66,22.99,36,3.36,2.62,76,50,26,11.3,11.29,172,141,10(BDL),0.2(BDL),0.5(BDL),1(BDL),0.2(BDL),NA,19° 17.225’,72° 54.337’
2797,45725,Sep,0.579861111,"Bhayander creek at D/s of Railway bridge at  Jasal park choupathy, Village. Navghar, Taluka. Bhayander, District. Thane.",Creek,Bhayander ,Bhayander ,Thane,Maharashtra,Maharashtra PCB,Monthly,Industrial Effluent,A (Drinking Water source without conventional treatment but after disinfection),NA,Industrial,Clear,Less than 50cm,Others,Yes,Clear,None,0,29,5.8,7.4,1242,8,0.79,140,540,NA,1.82,5(BDL),100,335.9,56,1.5(BDL),0.4,182,68,114,67.22,157.78,1056,866,34,0.2(BDL),0.5(BDL),5.68,0.2(BDL),NA,19° 19.042’,72° 51.409’
2805,45725,Sep,0.472222222,"Arnala sea, Village. Arnala, Taluka. Vasai, District. Thane.",Sea,Arnala ,Arnala ,Thane,Maharashtra,Maharashtra PCB,Monthly,Industrial Effluent,A (Drinking Water source without conventional treatment but after disinfection),NA,Industrial,Clear,Less than 50cm,Others,Yes,Clear,None,0,27,4.5,7.4,1393,10,1.26,170,920,NA,1.43,5(BDL),96,377.88,92,2.24,0.4,202,82,120,74.98,156.34,1184,971,48,0.2(BDL),0.5(BDL),5.77,0.2(BDL),NA,19° 26.951’,72° 44.950’
2806,45725,Sep,0.607638889,"Uttan sea at Bhayander, Village. Uttan, Taluka. Bhayander, District. Thane.",Sea,Uttan ,Uttan ,Thane,Maharashtra,Maharashtra PCB,Monthly,Industrial Effluent,A (Drinking Water source without conventional treatment but after disinfection),NA,Industrial,Clear,Less than 50cm,Others,Yes,Clear,None,0,29,5,7.5,1359,10,1.2,210,1600,NA,1.23,5(BDL),100,357.89,84,2.24,0.4,202,78,124,56.62,162.44,1155,947,46,0.2(BDL),0.5(BDL),6.26,0.2(BDL),NA,19° 16.822’,72° 47.007’
2798,45909,Sep,0.086805556,"Kharekuran Murbe creek , Village. Kharekuran, Taluka. Palghar, District. Thane.",Creek,Kharekuran Murbe ,Kharekuran Murbe ,Thane,Maharashtra,Maharashtra PCB,Monthly,Industrial Effluent,A (Drinking Water source without conventional treatment but after disinfection),NA,None,Cloudy,Less than 50cm,Others,Yes,Light Brown,None,0,26,4.2,8.1,23900,13,0.73,94,430,NA,1(BDL),5(BDL),110,10446.76,204,2.24,0.4,3140,580,2560,1501.5,4410,20315,16658,59,0.2(BDL),0.5(BDL),182.1,0.46,NA,19° 44.446’,72° 42.604’
2799,45909,Sep,0.173611111,"Dandi Creek, Village. Dandi, Taluka. Palghar, District. Thane.",Creek,Dandi ,Dandi ,Thane,Maharashtra,Maharashtra PCB,Monthly,Industrial Effluent,A (Drinking Water source without conventional treatment but after disinfection),NA,None,Cloudy,Less than 50cm,Others,Yes,Light Brown,None,0,26,4.4,8.2,28510,13,1.54,170,540,NA,1(BDL),5(BDL),114,12096.25,212,2.24,0.4,3780,660,3120,1476,5736,24234,19871,62,0.2(BDL),0.5(BDL),190.6,0.58,NA,19° 48.041’,72° 41.255’
2800,45909,Sep,0.125,"Sarwali Creek, Village. Sarwali, Taluka. Palghar, District. Thane.",Creek,Sarwali ,Sarwali ,Thane,Maharashtra,Maharashtra PCB,Monthly,Industrial Effluent,A (Drinking Water source without conventional treatment but after disinfection),NA,None,Cloudy,Less than 50cm,Others,Yes,Clear,None,0,26,4.8,7.8,617,7,3.5,170,430,NA,1(BDL),5(BDL),178,85.97,84,5.6,0.4,218,138,80,20.58,38,525,431,10(BDL),0.2(BDL),0.5(BDL),3.15,1.34,NA,19° 46.201’,72° 45.091’
2807,45909,Sep,0.138888889,"Navapur sea, Village. Navapur, Taluka. Palghar, District. Thane.",Sea,Navapur ,Navapur ,Thane,Maharashtra,Maharashtra PCB,Monthly,Industrial Effluent,A (Drinking Water source without conventional treatment but after disinfection),NA,None,Cloudy,Less than 50cm,Others,Yes,Brown,None,0,26,4.9,8.1,22050,12,3.6,70,540,NA,1.21,5(BDL),132,9547.04,236,5.6,0.4,3220,560,2660,1789,3905.5,19743,16369,44,0.2(BDL),0.5(BDL),119.36,0.51,NA,19° 47.568’,72° 41.437’
2785,45909,Sep,0.15625,"BPT, Navapur, Village. Navapur, Taluka. Palghar, District. Thane.",Nala,BPT Navapur ,BPT Navapur ,Thane,Maharashtra,Maharashtra PCB,Monthly,Industrial Effluent,A (Drinking Water source without conventional treatment but after disinfection),NA,None,Cloudy,Less than 50cm,Others,Yes,Reddish Brown,None,NA,26,1,7.5,2279,34,5.26,39,430,NA,1.57,5(BDL),156,342.39,120,14.56,4.25,206,158,48,1445,194.52,2215,1949,32,0.2(BDL),0.5(BDL),15.07,0.23,NA,19° 47.215’,72° 41.404’
2786,45909,Sep,0.1875,"Tarapur MIDC Nalla ( near Sump 1), Village. MIDC Tarapur, Taluka. Palghar, District. Thane.",Nala,Tarapur MIDC Nalla,Tarapur MIDC Nalla,Thane,Maharashtra,Maharashtra PCB,Monthly,Industrial Effluent,A (Drinking Water source without conventional treatment but after disinfection),NA,None,Cloudy,Less than 50cm,Others,Yes,Light Pink,None,0,26,0.3(BDL),7.6,2095,50,9.7,130,240,NA,2.32,5(BDL),256,404.87,192,11.2,0.4,648,412,236,116.48,189,1781,1460,30,0.2(BDL),0.5(BDL),21.8,2.83,NA,19° 47.138’,72° 44.412’
2787,45909,Sep,0.197916667,"Tarapur MIDC Nalla ( Near Sump 2), Village. MIDC  Tarapur, Taluka. Palghar, District. Thane.",Nala,Tarapur MIDC Nalla,Tarapur MIDC Nalla,Thane,Maharashtra,Maharashtra PCB,Monthly,Industrial Effluent,A (Drinking Water source without conventional treatment but after disinfection),NA,None,Cloudy,Less than 50cm,Others,Yes,Grayish,None,0,26,0.3(BDL),7.4,1393,50,1.63,94,220,NA,1(BDL),5(BDL),334,225.93,108,40.88,24.6,438,262,176,91.4,114.22,1184,971,22,0.2(BDL),0.5(BDL),12.54,0.32,NA,19° 48.336’,72° 43.464’
2788,45909,Sep,0.208333333,"Tarapur MIDC Nalla ( Near Sump 3), Village. MIDC  Tarapur, Taluka. Palghar, District. Thane.",Nala,Tarapur MIDC Nalla,Tarapur MIDC Nalla,Thane,Maharashtra,Maharashtra PCB,Monthly,Industrial Effluent,A (Drinking Water source without conventional treatment but after disinfection),NA,None,Cloudy,Less than 50cm,Others,Yes,Brown,None,0,26,0.3(BDL),7.4,2690,65,2.83,70,350,NA,2.11,5(BDL),320,461.86,236,25.76,13.84,488,316,172,493.2,232.65,2287,1875,35,0.2(BDL),0.53,23.3,0.71,NA,19° 46.933’,72° 43.309’
2706,45878,Sep,0.40625,"Surya River at U/S of Surya Dam, Village. Dhamni, Taluka. Vikramgad, District. Thane.",River,Surya ,Surya ,Thane,Maharashtra,Maharashtra PCB,Monthly,Industrial Effluent,A (Drinking Water source without conventional treatment but after disinfection),NA,Industrial,Clear,Less than 50cm,Others,Yes,Clear,None,0,26,7.3,7.8,141,2.8,0.3(BDL),1.8(BDL),58,1.8(BDL),1(BDL),5(BDL),54,13,16,1.5(BDL),0.4,62,38,24,7.9,7.56,121,99,10(BDL),0.2(BDL),0.5(BDL),1(BDL),0.2(BDL),NA,19° 55.064’,72° 03.463’
2707,45878,Sep,0.53125,"Surya river at MIDC pumping station on Boisar . Chillarphata road, Village. Garvashet, Taluka. Palghar, District. Thane",River,Surya ,Surya ,Thane,Maharashtra,Maharashtra PCB,Monthly,Industrial Effluent,A (Drinking Water source without conventional treatment but after disinfection),NA,Industrial,Clear,Less than 50cm,Others,Yes,Clear,None,0,26,7.1,8,118,3,0.3(BDL),1.8(BDL),84,1.8(BDL),1(BDL),5(BDL),42,11.5,12,1.5(BDL),0.4,42,24,18,5.31,6.5,100,82,10(BDL),0.2(BDL),0.5(BDL),1(BDL),0.2(BDL),NA,19° 47.134’,72° 50.362’
2708,45878,Sep,0.576388889,"Surya river at intake of Vasai.Virar water Scheme, Village. Masvan, Taluka. Palghar, District. Thane.",River,Surya ,Surya ,Thane,Maharashtra,Maharashtra PCB,Monthly,Industrial Effluent,A (Drinking Water source without conventional treatment but after disinfection),NA,Industrial,Clear,Less than 50cm,Others,Yes,Clear,None,0,26,7.2,7.7,141,2.8,0.3(BDL),1.8(BDL),38,1.8(BDL),1(BDL),5(BDL),48,13.5,20,1.5(BDL),0.4,50,32,18,8.7,6.88,120,98,10(BDL),0.2(BDL),0.5(BDL),1(BDL),0.2(BDL),NA,19° 41.862’,72° 51.060’
2801,45878,Sep,0.475694444,"Savta Creek, Village. Savta, Taluka. Dahanu, District. Thane.",Creek,Savta ,Savta ,Thane,Maharashtra,Maharashtra PCB,Monthly,Industrial Effluent,A (Drinking Water source without conventional treatment but after disinfection),NA,Industrial,Clear,Less than 50cm,Others,Yes,Light Brown,None,0,26,4.5,8.1,2196,9,0.31,220,920,NA,1(BDL),5(BDL),64,644.8,84,1.5(BDL),0.4,320,106,214,112.72,313.3,1867,1531,14,0.2(BDL),0.5(BDL),14.7,0.2(BDL),NA,19° 57.905’,72° 46.792’
2802,45878,Sep,0.451388889,"Dahanu Creek at Dahanu Fort, Village. Danugaon, Taluka. Dahanu, District. Thane.",Creek,Dahanu ,Dahanu ,Thane,Maharashtra,Maharashtra PCB,Monthly,Industrial Effluent,A (Drinking Water source without conventional treatment but after disinfection),NA,Industrial,Clear,Less than 50cm,Others,Yes,Light Brown,None,0,26,4.4,8.3,2406,8,0.31,280,920,NA,1(BDL),5(BDL),124,539.83,76,1.5(BDL),0.4,354,116,238,112.4,265.7,2045,1677,16,0.2(BDL),0.5(BDL),20.1,0.2(BDL),NA,19° 58.312’,72° 43.132’
1092,45666,Sep,0.5875,"Kalu river at Atale village, Village. Atale, Taluka. Kalyan, District. Thane.",River,Kalu ,Kalu ,Thane,Maharashtra,Maharashtra PCB,Monthly,Industrial Effluent,A (Drinking Water source without conventional treatment but after disinfection),NA,Industrial,Clear,Less than 50cm,Others,Yes,Clear,None,5,27,7.2,7.8,125,3,0.32,11,350,1.8(BDL),1(BDL),5(BDL),60,7,16,1.5(BDL),0.4,56,34,22,5(BDL),5(BDL),107,88,10(BDL),0.2(BDL),0.5(BDL),1(BDL),0.2(BDL),NA,19° 27’,73° 10’
2791,45666,Sep,0.546527778,"Ulhas creek at Reti bunder at D/s of Kalyan. Bhiwandi bridge, Village. Kalyan, Taluka. Kalyan, District. Thane.",Creek,Ulhas ,Ulhas ,Thane,Maharashtra,Maharashtra PCB,Monthly,Industrial Effluent,A (Drinking Water source without conventional treatment but after disinfection),NA,Industrial,Clear,Less than 50cm,Others,Yes,Clear,None,5,27,5.2,7.4,226,8,2.32,170,920,NA,1(BDL),5(BDL),90,17.49,36,4.48,2.32,86,50,36,8.9,8.7,192,158,10(BDL),0.2(BDL),0.5(BDL),1(BDL),0.2(BDL),NA,19° 15.71’,73° 07.043’
1093,45725,Sep,0.375,"Ulhas river at U/s of NRC Bund, Village. Mohane, Taluka. Kalyan, District. Thane.",River,Ulhas ,Ulhas ,Thane,Maharashtra,Maharashtra PCB,Monthly,None,No Information,NA,None,Clear,Greater than 100cm,Others,No,Clear,Odor Free,0,28,7.1,7.6,158,3.4,0.32,4,130,1.8(BDL),1(BDL),5(BDL),68,7.5,16,1.5(BDL),0.4,70,38,32,6.23,5(BDL),134,110,10(BDL),0.2(BDL),0.5(BDL),1(BDL),0.2(BDL),NA,19° 15’,73° 15’
2162,45725,Sep,0.583333333,"Ulhas river at Jambhul water works, Village. Jambhul, Taluka. Ambernath, District. Thane.",River,Ulhas ,Ulhas ,Thane,Maharashtra,Maharashtra PCB,Monthly,None,No Information,NA,None,Clear,Greater than 100cm,Others,No,Clear,Odor Free,0,28,7.4,7.7,150,2.8,0.36,1.8(BDL),79,1.8(BDL),1(BDL),5(BDL),68,8.5,28,1.5(BDL),0.4,64,38,26,5.36,5(BDL),128,105,10(BDL),0.2(BDL),0.5(BDL),1(BDL),0.2(BDL),NA,19°12.012’,73°13.612’
1094,45725,Sep,0.541666667,"Ulhas river at U/s of Badlapur water works, Village. Kulgaon, Taluka. Ambernath, District. Thane.",River,Ulhas ,Ulhas ,Thane,Maharashtra,Maharashtra PCB,Monthly,None,No Information,NA,None,Clear,Greater than 100cm,Others,Yes,Clear,Odor Free,0,28,6.8,7.6,149,2.8,0.35,1.8(BDL),84,1.8(BDL),1(BDL),5(BDL),64,8.5,16,1.5(BDL),0.4,68,38,30,5(BDL),5(BDL),127,104,10(BDL),0.2(BDL),0.5(BDL),1(BDL),0.2(BDL),NA,19°08.969’,73°15.205 ’
2653,45939,Sep,0.458333333,"Bhatsa River at D/s of Liberty Oil Mills, Satnel, Shahapur, Thane.",River,Bhatsa river,Bhatsa ,Thane,Maharashtra,Maharashtra PCB,Monthly,None,A (Drinking Water source without conventional treatment but after disinfection),NA,None,Clear,50-100cm,Others,No,Clear,Odor Free,0,26,7.4,7.9,159,3,0.31,94,540,1.8(BDL),1(BDL),5(BDL),76,10,12,1.5(BDL),0.4,72,40,32,5(BDL),5.27,135,111,10(BDL),0.2(BDL),0.5(BDL),1(BDL),0.2(BDL),NA,19° 26.874’,73° 20.964’
2654,45939,Sep,0.479166667,"Bhatsa River at U/s of Liberty Oil Mills, Satnel, Shahapur, Thane.",River,Bhatsa river,Bhatsa ,Thane,Maharashtra,Maharashtra PCB,Monthly,None,A (Drinking Water source without conventional treatment but after disinfection),NA,None,Clear,50-100cm,Others,No,Clear,Odor Free,0,26,7.4,7.9,158,2.8,0.3(BDL),94,430,1.8(BDL),1(BDL),5(BDL),78,9,20,1.5(BDL),0.4,70,40,30,5(BDL),5(BDL),134,110,10(BDL),0.2(BDL),0.5(BDL),1(BDL),0.2(BDL),NA,19° 27.011’,73° 21.270’
2709,45939,Sep,0.583333333,"Tansa river near road bridge, Village. Dakewali, Taluka. Wada, District. Thane.",River,Tansa ,Tansa ,Thane,Maharashtra,Maharashtra PCB,Monthly,None,A (Drinking Water source without conventional treatment but after disinfection),NA,None,Clear,50-100cm,Others,No,Clear,Odor Free,0,27,7.2,7.8,159,3,0.32,6,110,1.8(BDL),1(BDL),5(BDL),78,10,12,1.5(BDL),0.4,74,40,34,5(BDL),5.45,135,111,10(BDL),0.2(BDL),0.5(BDL),1(BDL),0.2(BDL),NA,19° 29.111’,73° 04.944’
2712,45939,Sep,0.583333333,"Vaitarna river near road bridge, Village. Gandhare, Taluka. Wada, District. Thane.",River,Vaitarna ,Vaitarna ,Thane,Maharashtra,Maharashtra PCB,Monthly,None,A (Drinking Water source without conventional treatment but after disinfection),NA,None,Clear,50-100cm,Others,No,Clear,Odor Free,0,24,7.3,7.8,158,3,0.31,6,94,1.8(BDL),1(BDL),5(BDL),74,9,12,1.5(BDL),0.4,72,38,34,5(BDL),5(BDL),134,110,10(BDL),0.2(BDL),0.5(BDL),1(BDL),0.2(BDL),NA,19° 37.957’,73° 07.799’
1461,45939,Sep,0.583333333,"Bhatsa river at D/s of Pise Dam, Village. Pise, Taluka. Bhiwandi, District. Thane.",River,Bhatsa ,Bhatsa ,Thane,Maharashtra,Maharashtra PCB,Monthly,None,No Information,NA,None,Clear,Less than 50cm,Others,Yes,Clear,Odor Free,0,30,6.6,7.7,156,3,0.44,1.8(BDL),94,1.8(BDL),1(BDL),5(BDL),76,9.5,20,1.5(BDL),0.4,80,40,40,5.32,5.35,133,109,10(BDL),0.2(BDL),0.5(BDL),1(BDL),0.2(BDL),NA,19°18.919',73°10.991 '
2185,45697,Sep,0.458333333,Vashi Creek at Vashi Bridge,Creek,Vashi Creek,NA,Thane,Maharashtra,Maharashtra PCB,Monthly,Industrial Effluent,A (Drinking Water source without conventional treatment but after disinfection),NA,Industrial,Clear,Less than 50cm,Fishing,Yes,Clear,None,1,28,4.4,7.6,927,9,0.7,94,540,NA,1(BDL),5(BDL),98,215.93,68,3.36,1.02,162,76,86,49.6,88.69,788,646,18,0.2(BDL),0.5(BDL),7.82,0.2(BDL),NA,19°03.832’,72°58.682’
2184,45666,Sep,0.190277778,Vashi Creek at Airoli Bridge,Creek,Vashi Creek,NA,Thane,Maharashtra,Maharashtra PCB,Monthly,Industrial Effluent,A (Drinking Water source without conventional treatment but after disinfection),NA,Industrial,Clear,Less than 50cm,Others,Yes,Clear,None,0,28,4.1,7.5,1103,9,0.62,110,540,NA,1.52,5(BDL),146,245.92,72,5.6,3.05,182,88,94,34.36,82.58,938,769,22,0.2(BDL),0.5(BDL),8.53,0.2(BDL),NA,19°08.997’,72°59.031’
5793,45666,Sep,0.189583333,Thane creek Flamingo Sanctuary,Creek,NA,NA,Thane,Maharashtra,Maharashtra PCB,Monthly,Industrial Effluent,A (Drinking Water source without conventional treatment but after disinfection),NA,Industrial,Clear,Less than 50cm,Others,Yes,Clear,None,0,28,4.1,7.4,1117,10,0.67,110,430,NA,1.57,5(BDL),150,245.92,76,5.6,3.05,182,90,92,34.82,146.82,949,779,21,0.2(BDL),0.5(BDL),6.92,0.22,NA,19.148643,72.98188
1151,45756,Sep,0.506944444,"Patalganga river at Shilphata bridge, Village.Khopoli,Taluka. Khalapur, District. Raigad.",River,Patalganga ,Patalganga ,Raigad,Maharashtra,Maharashtra PCB,Monthly,Industrial Effluent,A (Drinking Water source without conventional treatment but after disinfection),NA,Industrial,Clear,Less than 50cm,Others,Yes,Clear,None,0,27,6.9,7.4,140,3.2,0.42,70,540,6,1(BDL),5(BDL),56,8,12,1.5(BDL),0.4,68,30,38,6.5,5(BDL),118,97,12,0.2(BDL),0.5(BDL),1(BDL),0.2(BDL),NA,18°48.075 ’,73°19.391’
1462,45756,Sep,0.642361111,"Patalganga river near intake of MIDC water works  (Turade w/w). Village. Turade, Taluka. Khalapur, District. Raigad.",River,Patalganga ,Patalganga ,Raigad,Maharashtra,Maharashtra PCB,Monthly,Industrial Effluent,A (Drinking Water source without conventional treatment but after disinfection),NA,Industrial,Clear,Less than 50cm,Others,Yes,Clear,None,0,27,7.3,7.5,146,3,0.36,9.3,170,1.8(BDL),1(BDL),5(BDL),58,8.5,12,1.5(BDL),0.4,62,34,28,6.79,5.04,124,102,10(BDL),0.2(BDL),0.5(BDL),1(BDL),0.2(BDL),NA,18°53.222',73°10.761 '
2685,45756,Sep,0.680555556,"Patalganga river at D/s of Kharpada bridge , Village. Kharpada, Taluka. Khalapur, District. Raigad.",River,Patalganga ,Patalganga ,Raigad,Maharashtra,Maharashtra PCB,Monthly,Industrial Effluent,A (Drinking Water source without conventional treatment but after disinfection),NA,Industrial,Clear,Less than 50cm,Others,Yes,Clear,None,0,27,7.3,7.4,162,2.8,0.71,46,350,6,1(BDL),5(BDL),64,10.5,8,1.5(BDL),0.4,68,36,32,9.11,6.6,137,112,14,0.2(BDL),0.5(BDL),1(BDL),0.2(BDL),NA,18° 50.259’,73° 05.339’
2686,45756,Sep,0.628472222,"Patalganga river at Vyal Pump house,  Village. Vyal,  Taluka. Khalapur, District. Raigad.",River,Patalganga ,Patalganga ,Raigad,Maharashtra,Maharashtra PCB,Monthly,Industrial Effluent,A (Drinking Water source without conventional treatment but after disinfection),NA,Industrial,Clear,Less than 50cm,Others,Yes,Clear,None,0,28,6.9,7.5,140,2.8,0.34,14,220,1.8(BDL),1(BDL),5(BDL),54,8,12,1.5(BDL),0.4,60,32,28,6.03,5(BDL),118,97,12,0.2(BDL),0.5(BDL),1(BDL),0.2(BDL),NA,18° 52.275’,73° 12.475’
2687,45756,Sep,0.600694444,"Patalganga river at Khalapur pumping station, Village. Khalapur, Taluka. Khalapur, District. Raigad.",River,Patalganga ,Patalganga ,Raigad,Maharashtra,Maharashtra PCB,Monthly,Industrial Effluent,A (Drinking Water source without conventional treatment but after disinfection),NA,Industrial,Clear,Less than 50cm,Others,Yes,Clear,None,0,28,6.9,7.5,160,2.8,0.67,9.3,280,1.8(BDL),1(BDL),5(BDL),62,11,12,2.24,0.4,70,36,34,8.71,5(BDL),136,112,12,0.2(BDL),0.5(BDL),1(BDL),0.2(BDL),NA,18° 49.504’,73° 17.000’
2688,45756,Sep,0.59375,"Patalganga river at Savroli bridge, Village. Savroli,Taluka. Khalapur,District. Raigad.",River,Patalganga ,Patalganga ,Raigad,Maharashtra,Maharashtra PCB,Monthly,Industrial Effluent,A (Drinking Water source without conventional treatment but after disinfection),NA,Industrial,Clear,Less than 50cm,Others,Yes,Clear,None,0,27,6.7,7.4,159,4,0.68,40,540,6.3,1(BDL),5(BDL),62,11,16,2.24,0.4,72,36,36,8.57,5(BDL),135,111,10(BDL),0.2(BDL),0.5(BDL),1(BDL),0.2(BDL),NA,18° 49.020’,73° 17.201’
2689,45756,Sep,0.524305556,"Patalganga river at Gagangiri Maharaj Temple, Village. Khopoli, Taluka. Khalapur, District. Raigad.",River,Patalganga ,Patalganga ,Raigad,Maharashtra,Maharashtra PCB,Monthly,Industrial Effluent,A (Drinking Water source without conventional treatment but after disinfection),NA,Industrial,Clear,Less than 50cm,Others,Yes,Clear,None,0,27,7.2,7.7,61,3,0.3(BDL),6,220,1.8(BDL),1(BDL),5(BDL),22,7,16,1.5(BDL),0.4,26,12,14,5(BDL),5(BDL),58,52,10(BDL),0.2(BDL),0.5(BDL),1(BDL),0.2(BDL),NA,18° 47.216’,73° 21.164’
2803,45756,Sep,0.711805556,"Panvel creek at Kopra bridge, Village. Kopra,Taluka. Panvel, District. Raigad.",Creek,Panvel ,Panvel ,Raigad,Maharashtra,Maharashtra PCB,Monthly,Industrial Effluent,A (Drinking Water source without conventional treatment but after disinfection),NA,Industrial,Clear,Less than 50cm,Others,Yes,Clear,None,0,27,6.1,7.3,161,4.6,0.71,130,540,NA,1(BDL),5(BDL),62,12,16,2.24,0.4,72,36,36,9.8,5.18,137,112,28,0.2(BDL),0.5(BDL),1(BDL),0.2(BDL),NA,19° 02.053’,73° 04.997’
1152,45878,Sep,0.715277778,"Kundalika river at Roha bridge,  Village.Roha, Taluka. Roha, District. Raigad.",River,Kundalika,Kundalika,Raigad,Maharashtra,Maharashtra PCB,Monthly,Industrial Effluent,A (Drinking Water source without conventional treatment but after disinfection),NA,Industrial,Clear,Less than 50cm,"Bathing,Washing,Gardening,Others",Yes,Clear,None,0,30,7,7.3,133,2.8,0.3(BDL),70,350,6,1(BDL),5(BDL),42,17.49,12,1.5(BDL),0.4,44,22,22,7.73,9.28,112,92,11,0.2(BDL),0.5(BDL),1(BDL),0.2(BDL),NA,18°26.444 ’,73°07.245’
2198,45878,Sep,0.725694444,"Kundalika river at Are Khurd (Saline zone), Village.Arekhurd,Taluka. Roha, District. Raigad.",River,Kundalika,Kundalika,Raigad,Maharashtra,Maharashtra PCB,Monthly,Industrial Effluent,A (Drinking Water source without conventional treatment but after disinfection),NA,Industrial,Clear,Less than 50cm,"Bathing,Washing,Gardening,Others",Yes,Clear,None,0,29,7,7.4,133,3.2,0.3(BDL),140,540,9.3,1(BDL),5(BDL),54,16.99,16,1.5(BDL),0.4,48,26,22,5.24,9.82,112,92,10(BDL),0.2(BDL),0.5(BDL),1(BDL),0.2(BDL),NA,18°28.941’,73°02.911’
2671,45878,Sep,0.534722222,"Kundalika river near Salav bridge (Saline zone), Village.Salav, Taluka. Roha, District. Raigad.",River,Kundalika,Kundalika,Raigad,Maharashtra,Maharashtra PCB,Monthly,Industrial Effluent,A (Drinking Water source without conventional treatment but after disinfection),NA,Industrial,Clear,Less than 50cm,"Bathing,Washing,Gardening,Others",Yes,Clear,None,0,30,4.5,7.72,23430,8,0.59,140,920,9.3,3.38,5(BDL),100,10796.65,64,2.24,0.4,3080,520,2560,1445,4005.5,21017,19324,54,0.2(BDL),0.5(BDL),156.8,0.44,NA,18° 32.327’,72°56.119 ’
2672,45878,Sep,0.642361111,"Kundalika river at Dhatav at Jackwell , Village. Dhatav,Taluka. Roha, District. Raigad.",River,Kundalika,Kundalika,Raigad,Maharashtra,Maharashtra PCB,Monthly,Industrial Effluent,A (Drinking Water source without conventional treatment but after disinfection),NA,Industrial,Clear,Less than 50cm,"Bathing,Washing,Gardening,Others",Yes,Clear,None,0,29,7.4,7.5,83,2.8,0.3(BDL),17,280,1.8(BDL),1(BDL),5(BDL),34,10.5,12,1.5(BDL),0.4,44,18,26,5(BDL),5(BDL),71,58,10(BDL),0.2(BDL),0.5(BDL),1(BDL),0.2(BDL),NA,18° 25.819’,73° 09.819’
2651,45878,Sep,0.791666667,"Amba river at D/s of Waken bridge, Village. Waken phata, Taluka. Roha, District. Raigad. ( u/s of the jackwells of M/s Supreme Petrochemicals & MIDC )",River,Kundalika,Kundalika,Raigad,Maharashtra,Maharashtra PCB,Monthly,Industrial Effluent,A (Drinking Water source without conventional treatment but after disinfection),NA,Industrial,Clear,Less than 50cm,"Bathing,Washing,Gardening,Others",Yes,Clear,None,0,29,6.8,7.8,114,3.8,0.3(BDL),33,280,1.8(BDL),1(BDL),5(BDL),50,9,16,1.5(BDL),0.4,54,24,30,5(BDL),5(BDL),97,79,10(BDL),0.2(BDL),0.5(BDL),1(BDL),0.2(BDL),NA,18° 31.150’,73° 09.434’
2695,45697,Sep,0.625,"Pedhi river near road bridge at Dadhi. Pedhi village, Village. Dadhi. Pedhi, Taluka. Bhatkuli, District. Amravati.",River,Pedhi ,Pedhi ,Amravati,Maharashtra,Maharashtra PCB,Monthly,Industrial Effluent,"E (Irrigation, industrial cooling and controlled waste)",NA,None,Clear,50-100cm,"Bathing,Washing",No,Clear,None,0.5,25,5,7.3,1990,3.8,0.78,49,70,1.8(BDL),11,5(BDL),357,15.5,24,5.04,3.23,1309,1176,133,665,25.5,1699,1461,11,0.2(BDL),0.5(BDL),5.4,ND,NA,20° 49.532’,77° 33.783’
2700,45697,Sep,0.75,"Purna river near Achalpur. Amravati road bridge, Asegaon, Village. Asegaon,Taluka. Chandur Bazar, District. Amravati.",River,Purna ,Purna ,Amravati,Maharashtra,Maharashtra PCB,Monthly,Industrial Effluent,"E (Irrigation, industrial cooling and controlled waste)",NA,None,Clear,50-100cm,"Bathing,Washing",No,Clear,None,0.5,25,6,8.1,485,4,1.13,7.8,13,1.8(BDL),15,5(BDL),126,14,20,1.68,0.47,243.2,148.6,94.6,126.96,11.3,384,330,10(BDL),ND,0.5(BDL),2.9,ND,NA,20° 54.396’,77° 36.817’
5993,45697,Sep,0.708333333,Chandrabhaga river at chandur jahanpur thesil daryapur Dist- Amravati,River,NA,NA,Amravati,Maharashtra,Maharashtra PCB,Monthly,Industrial Effluent,"E (Irrigation, industrial cooling and controlled waste)",NA,None,Clear,50-100cm,"Bathing,Washing",No,Clear,Odor Free,0.5,25,5.5,7.4,2812,3.6,0.58,110,350,1.8(BDL),14,5(BDL),331,30.49,16,7.28,5.63,2108,1639,469,1231,33.1,2300,1978,18,0.2(BDL),0.5(BDL),6.6,ND,NA,20.941,77.338
5994,45697,Sep,0.666666667,"Purna river at Kolhapur Tal- Daryapur, Dist- Amravati",River,NA,NA,Amravati,Maharashtra,Maharashtra PCB,Monthly,Industrial Effluent,"E (Irrigation, industrial cooling and controlled waste)",NA,None,Clear,50-100cm,"Bathing,Washing",No,Clear,Odor Free,0.5,25,6.4,7.5,1804,3.9,0.82,70,140,1.8(BDL),5.2,5(BDL),357,14,16,2.8,1.43,1187,1034,153,694.6,33.2,1430,1204,14,0.2(BDL),0.5(BDL),5.7,ND,NA,20.944,77.502
5978,45697,Sep,0.614583333,"Penganga river at washim- risod road bridge, village asegaonpen, Tal-risod, dist- washim",River,NA,NA,Amravati,Maharashtra,Maharashtra PCB,Monthly,Industrial Effluent,"E (Irrigation, industrial cooling and controlled waste)",NA,Industrial,Clear,50-100cm,"Bathing,Washing",No,Clear,Odor Free,0.5,25,6,8.1,393,4.2,3.94,140,280,1.8(BDL),340,187.8,187.8,17.49,24,2.24,0.69,155,115.4,39.6,17.9,24.6,260,223,230,0.2(BDL),0.5(BDL),3.4,0,NA,20.0338238,76.9576
1913,45666,Sep,0.184027778,"Purna River at Dhupeshwar at u/s of Malkapur water works, Malkapur, Dist.Akola",River,Purna ,Purna ,Akola,Maharashtra,Maharashtra PCB,Monthly,None,A (Drinking Water source without conventional treatment but after disinfection),NA,None,Clear,Less than 50cm,Others,Yes,Clear,None,5,23,6,8.2,384,6.8,2.99,49,79,1.8(BDL),6.5,5(BDL),180,32.49,24,1.68,0.63,162.8,104,58.8,18.82,28.7,271,233,217,0.2(BDL),0.5(BDL),3.2,0.2(BDL),NA,"20  ?09.010'N,","76  ? 33.625' E,"
2155,45725,Sep,0.506944444,"Purna river at D/s of confluence of Morna and Purna, at Andura Village, Village. Andura, Taluka. Balapur, District. Akola.",River,Morna ,Morna ,Akola,Maharashtra,Maharashtra PCB,Monthly,None,A (Drinking Water source without conventional treatment but after disinfection),NA,None,Clear,Less than 50cm,Others,Yes,Clear,None,5,23,5.7,8,324,5,2.31,79,170,1.8(BDL),210,5(BDL),159,13,20,3.36,1.68,150,75.2,74.8,23.64,24.3,217,187,698,0.2(BDL),0.5(BDL),2.8,ND,NA,20  ?53.200N,76  ?51.364 E
2675,45725,Sep,0.447916667,Morna River D/s of Railway Bridge Akola ,River,Morna ,Morna ,Akola,Maharashtra,Maharashtra PCB,Monthly,None,A (Drinking Water source without conventional treatment but after disinfection),NA,None,Clear,Less than 50cm,Others,Yes,Clear,None,4,25,5.4,7.6,3667,5.1,2.09,140,280,BDL,21,5(BDL),169,13,24,1.68,0.4,182.4,100.2,82.2,20.2,17.6,234,201,10(BDL),2.8,0.5(BDL),1(BDL),ND,NA,20° 09.016’,77° 33.622’
2699,45666,Sep,0.402777778,Penganga River at Mehkar .Buldana Bridge.Akola,River,Penganga ,Penganga ,Akola,Maharashtra,Maharashtra PCB,Monthly,None,A (Drinking Water source without conventional treatment but after disinfection),NA,None,Clear,Less than 50cm,Others,Yes,Clear,None,4,22,6.8,8.7,472,3.5,5.62,170,220,1.8(BDL),5.5,13.6,197,40.99,12,2.24,0.6,199.4,147.2,52.2,27.4,27.4,337,290,11,0.2(BDL),0.5(BDL),3.7,0.2(BDL),NA,20  ?09.010' N,"76  ? 33.625' E,"
5792,45666,Sep,0.444444444,"Lonar surovar lake, near kamalja devi temple. Tal- lonar Dist- Buldhana",Lake,NA,NA,Akola,Maharashtra,Maharashtra PCB,Monthly,None,A (Drinking Water source without conventional treatment but after disinfection),NA,None,Clear,Less than 50cm,Others,Yes,Clear,None,5,23,5,9.5,7171,44,2.41,2,4.5,1.8(BDL),24,510,1471,154.95,184,2.24,0.79,148.8,52.8,96,101.16,1812.5,4076,3505,32,ND,0.5(BDL),5.8,0.2(BDL),NA,19.9719,76.50603
1908,45878,Sep,0.555555556,"Kolar river before confluence with Kanhan river at Waregaon Bridge, Village. Waregaon, Taluka.Kamptee, District.Nagpur.",River,Kanhan ,Kanhan ,Nagpur,Maharashtra,Maharashtra PCB,Monthly,Municipal Sewage,"E (Irrigation, industrial cooling and controlled waste)",NA,None,Clear,Less than 50cm,"Bathing,Washing,Fishing",Yes,Clear,None,0,25,5.8,8.4,591,4,2.67,140,280,1.8(BDL),11,15.8,208,37.99,16,2.24,0.89,270.8,148.6,122.2,19.26,38,378,325,12,0.2(BDL),0.5(BDL),3.22,0.2(BDL),NA,21° 13',79° 12'
2170,45878,Sep,0.572916667,"Kanhan river at U/s of M/s Vidarbha Paper Mills, Village. Sinora, Taluka. Parseoni, District. Nagpur.",River,Kanhan ,Kanhan ,Nagpur,Maharashtra,Maharashtra PCB,Monthly,Municipal Sewage,"E (Irrigation, industrial cooling and controlled waste)",NA,None,Clear,Less than 50cm,"Bathing,Washing,Fishing",Yes,Clear,None,0,25,6.2,8.4,439,3.4,3.02,110,220,1.8(BDL),27,15.2,215,41.49,12,2.8,1.05,210,65.2,144.8,17.5,24.5,344,296,35,0.2(BDL),0.5(BDL),2.2,0.2(BDL),NA,21°12.679’,79°14.127’
2171,45878,Sep,0.590277778,"Kanhan river at D/s of M/s Vidarbha Paper Mills,  Village. Sinora, Taluka. Parseoni, District. Nagpur.",River,Kanhan ,Kanhan ,Nagpur,Maharashtra,Maharashtra PCB,Monthly,Municipal Sewage,"E (Irrigation, industrial cooling and controlled waste)",NA,None,Clear,Less than 50cm,"Bathing,Washing,Fishing",Yes,Clear,None,0,25,6.1,8.4,435,3.6,3.26,140,280,1.8(BDL),30,16.2,220,13.5,12,2.8,1.05,217.2,92.6,124.6,21.06,62.6,340,292,31,0.2(BDL),0.5(BDL),10,0.2(BDL),NA,21°12.575’,79°14.203’
1315,45697,Sep,0.590277778,"Wardha river at Pulgaon Railway Bridge, Village. Pulgaon,Taluka . Wardha, District. Wardha.",River,Wardha ,Wardha ,Nagpur,Maharashtra,Maharashtra PCB,Monthly,Municipal Sewage,"E (Irrigation, industrial cooling and controlled waste)",NA,None,Clear,Less than 50cm,"Bathing,Washing",Yes,Clear,None,0,20,7.3,8.4,344,4,1.65,79,170,1.8(BDL),75,16.4,185,14,16,1.68,0.41,169.8,95.2,74.6,15.39,24.4,240,206,31,0.2(BDL),0.5(BDL),2.8,0.2(BDL),NA,20° 30’,78° 20’
1909,45725,Sep,0.670138889,"Kanhan river at D/s of Nagpur, Village. Agargaon, Taluka. Kuhi, District. Nagpur.",River,Kanhan ,Kanhan ,Nagpur,Maharashtra,Maharashtra PCB,Monthly,Municipal Sewage,"E (Irrigation, industrial cooling and controlled waste)",NA,None,Clear,Less than 50cm,"Bathing,Washing,Fishing",Yes,Clear,None,0,20,3.4,7.4,385,11.4,3.11,110,220,1.8(BDL),650,5(BDL),179,17.99,40,2.8,1.37,191.8,125.2,66.6,27.12,25.3,262,225,116,0.21,0.5(BDL),4.2,0.2(BDL),NA,21° 15',79° 08'
1910,45725,Sep,0.71875,"Wainganga river after confluence with Kanhan river, Village. Ambhora,Taluka. Kuhi, District. Nagpur.",River,Kanhan ,Kanhan ,Nagpur,Maharashtra,Maharashtra PCB,Monthly,Municipal Sewage,"E (Irrigation, industrial cooling and controlled waste)",NA,None,Clear,Less than 50cm,"Bathing,Washing,Fishing",Yes,Clear,None,0,20,5.9,7.4,220,4.1,1.02,220,920,1.8(BDL),55,5(BDL),109,11.5,20,1.68,0.47,112.6,71.2,41.4,14.6,12.2,150,129,21,0.22,0.5(BDL),2.2,0.2(BDL),NA,21° 16',79° 10'
2722,45697,Sep,0.680555556,"Wena river at U/s of Mohata Mills, near Railway bridge on Wardha – Chandrapur Railway line, Village. Hinganghat, Taluka. Hinganghat, District. Wardha.",River,Wena,Wena,Nagpur,Maharashtra,Maharashtra PCB,Monthly,Municipal Sewage,"E (Irrigation, industrial cooling and controlled waste)",NA,None,Clear,Less than 50cm,"Bathing,Washing,Fishing",Yes,Clear,None,0,20,5.8,7.9,308,5,2.48,70,140,1.8(BDL),450,5(BDL),152,29.99,20,2.24,0.62,158.6,107.6,51,19.61,17.1,251,216,189,0.2(BDL),0.5(BDL),2.7,0.2(BDL),NA,20° 57.008’,79° 00.756’
2723,45697,Sep,0.6875,"Wena river at D/s of Mohata Mills, near  bridge on Hinganghat. Wadner road,  Village. Hinganghat, Taluka. Hinganghat,  District. Wardha.",River,Wena,Wena,Nagpur,Maharashtra,Maharashtra PCB,Monthly,Municipal Sewage,"E (Irrigation, industrial cooling and controlled waste)",NA,None,Clear,Less than 50cm,"Bathing,Washing,Fishing",Yes,Clear,None,0,20,5.4,8,304,6,2.14,220,350,1.8(BDL),700,5(BDL),156,13,24,1.68,0.5,139.2,97.6,41.6,18.15,17,210,180,164,0.2(BDL),0.5(BDL),2.6,0.2(BDL),NA,20° 32.655’,78° 48.714’
5979,45878,Sep,0.756944444,"Nag river near ambazari lake, Dist- Nagpur",River,NA,NA,Nagpur,Maharashtra,Maharashtra PCB,Monthly,Municipal Sewage,No Information,NA,None,Clear,Less than 50cm,Others,Yes,Clear,None,0,25,6.5,7.8,453,3.5,0.32,170,350,1.8(BDL),9.2,5(BDL),183,37.99,12,1.68,0.4,209,115.2,93.8,17.5,34.2,284,244,10(BDL),0.2(BDL),0.5(BDL),2.8,0.2(BDL),NA,NA,NA
5980,45878,Sep,0.659722222,Nag river  near bhandewadi bridge Dist- Nagpur,River,NA,NA,Nagpur,Maharashtra,Maharashtra PCB,Monthly,Municipal Sewage,No Information,NA,None,Clear,Less than 50cm,Others,Yes,Clear,None,0,25,0.3(BDL),7.6,726,22,0.3(BDL),920,1600,2,17,5(BDL),294,57.98,52,3.36,2.24,250.8,176.8,74,29.16,31.1,497,427,16,1.23,0.5(BDL),3.6,0.2(BDL),NA,NA,NA
5981,45878,Sep,0.611111111,"Nag river  near asoli road bridge, bhandara road, Dist- Nagpur",River,NA,NA,Nagpur,Maharashtra,Maharashtra PCB,Monthly,Municipal Sewage,No Information,NA,None,Clear,Less than 50cm,Others,Yes,Clear,None,0,25,0.3(BDL),7.5,721,18,0.3(BDL),280,350,1.8(BDL),55,5(BDL),291,57.98,40,3.92,2.64,241.8,173.2,68.6,26.7,59.5,484,416,22,1.1,0.5(BDL),10,0.2(BDL),NA,NA,NA
5982,45878,Sep,0.496527778,"Pilli river  near wanjara layout, kamptee road, Dist-Nagpur",River,NA,NA,Nagpur,Maharashtra,Maharashtra PCB,Monthly,Municipal Sewage,No Information,NA,None,Clear,Less than 50cm,Others,Yes,Clear,None,0,25,0.3(BDL),7.6,738,18.5,1.67,170,350,1.8(BDL),50,5(BDL),280,45.49,44,6.72,4.71,303,146.6,156.4,31.7,46.5,456,392,45,1.3,0.5(BDL),7.5,0.2(BDL),NA,NA,NA
5983,45878,Sep,0.479166667,"Pilli river  near, vill-mankapur on koradi road, Dist- Nagpur",River,NA,NA,Nagpur,Maharashtra,Maharashtra PCB,Monthly,Municipal Sewage,No Information,NA,None,Clear,Less than 50cm,Others,Yes,Clear,None,0,25,0.3(BDL),7.7,746,41,0.3(BDL),140,280,1.8(BDL),100,5(BDL),283,45.49,112,7.28,4.42,277,122.8,154.2,25.74,46.9,492,423,68,1.3,0.5(BDL),7.5,0.2(BDL),NA,NA,NA
2172,45725,Sep,0.243055556,"Wainganga river at D/s of Ellora Paper Mills, Village. Tumsar, Taluka. Tumsar, District. Bhandara.",River,Wainganga ,Wainganga ,Bhandara,Maharashtra,Maharashtra PCB,Monthly,Industrial Effluent,A (Drinking Water source without conventional treatment but after disinfection),NA,Industrial,Clear,Less than 50cm,"Cultivation,Others",Yes,Light Brown,Odourless,3,16,6.5,8,168,5.5,0.83,70,140,1.8(BDL),330,5(BDL),83,10,28,2.24,0.71,87.8,53,34.8,22.16,7.9,124,107,86,0.2(BDL),0.5(BDL),1.5,0.2(BDL),NA,21°21.307’,79°47.943’
2173,45725,Sep,0.229166667,"Wainganga river at U/s of Ellora Paper Mills, Village. Tumsar, Taluka. Tumsar, District. Bhandara.",River,Wainganga ,Wainganga ,Bhandara,Maharashtra,Maharashtra PCB,Monthly,Industrial Effluent,A (Drinking Water source without conventional treatment but after disinfection),NA,Industrial,Clear,Less than 50cm,"Cultivation,Others",Yes,Light Brown, Odourless,3,16,6.7,7.7,165,5.4,0.88,33,70,1.8(BDL),340,5(BDL),86,9,24,2.8,0.71,82.8,55.4,27.4,24.6,7.9,127,109,112,0.2(BDL),0.5(BDL),1.6,0.2(BDL),NA,21°21.454’,79°47.942’
5984,45756,Sep,0.416666667,"Wainganga river at kardha bridge, D/S of bhandara city, Dist- Bhandara",River,NA,NA,Bhandara,Maharashtra,Maharashtra PCB,Monthly,Industrial Effluent,A (Drinking Water source without conventional treatment but after disinfection),NA,Industrial,Clear,Less than 50cm,"Cultivation,Others",Yes,Light Brown,Odourless,3,16,7.1,7.7,170,3.8,0.71,33,49,1.8(BDL),350,5(BDL),88,10.5,20,2.24,0.86,85.4,58,27.4,26.6,7.9,132,112,65,0.2(BDL),0.5(BDL),1.6,0.2(BDL),NA,21.150911,79.66716
5985,45756,Sep,0.479166667,"Gosekhurd Dam village - Gosekhurd, pauni, Dist- Bhandara",Dam,NA,NA,Bhandara,Maharashtra,Maharashtra PCB,Monthly,Industrial Effluent,A (Drinking Water source without conventional treatment but after disinfection),NA,Industrial,Clear,Less than 50cm,"Cultivation,Others",Yes,Clear,Odourless,3,16,7.2,7.6,224,3.4,1.18,49,79,1.8(BDL),21,5(BDL),111,11.5,12,1.5(BDL),0.4,108.8,75.6,33.2,10.59,11.6,157,135,10(BDL),0.2(BDL),0.5(BDL),2.2,0.2(BDL),NA,20.875423,79.611417
11,45847,Sep,0.666666667,"Wainganga river at Ashti, Village. Ashti, Taluka. Gondpipri, District.Chandrapur.",River,Wainganga ,Wainganga ,Chandrapur,Maharashtra,Maharashtra PCB,Monthly,Industrial Effluent,A (Drinking Water source without conventional treatment but after disinfection),NA,Industrial,Clear,Less than 50cm,Others,Yes,Clear,None,0,22,6.1,8.4,1873,3.3,1,33,49,1.8(BDL),45,5(BDL),113,10,8,2.24,0.43,102.8,72.8,30,12.3,8.9,140,120,27,0.2(BDL),0.5(BDL),1.8,0.2(BDL),NA,19°10.643’,79°47.140 ’
2156,45878,Sep,0.375,"Wardha river at confluence point of Penganga & Wardha. Village. Jugad, Taluka. Wani, District. Yavatmal.",River,Penganga ,Penganga ,Chandrapur,Maharashtra,Maharashtra PCB,Monthly,Industrial Effluent,A (Drinking Water source without conventional treatment but after disinfection),NA,Industrial,Clear,Less than 50cm,Bathing,Yes,Clear,None,0,20,5.7,8.5,501,4.1,4.03,110,280,1.8(BDL),50,16.4,229,19.99,16,2.24,0.83,212.2,85.4,126.8,30.18,34.2,329,283,25,0.2(BDL),0.5(BDL),2.8,0.2(BDL),NA,19°53.943’,79°08.911’
2174,45878,Sep,0.40625,"Wardha river at D/s of ACC Ltd. Ghuggus near WCL pump house, Village. Ghuggus, Taluka. Chandrapur, District. Chandrapur.",River,Wardha ,Wardha ,Chandrapur,Maharashtra,Maharashtra PCB,Monthly,Industrial Effluent,A (Drinking Water source without conventional treatment but after disinfection),NA,Industrial,Clear,Less than 50cm,Boating,Yes,Clear,None,0,20,6.1,8.5,501,4,4.05,110,220,1.8(BDL),16,17.2,229,19.99,16,2.8,0.99,214.2,83,131.2,30,33.3,340,292,52,0.2(BDL),0.5(BDL),2.8,0.2(BDL),NA,19°54.291’,79°06.894’
2175,45847,Sep,0.552083333,"Wainganga river at U/s of Gaurav Paper Mills, near jackwell,  Village. Bramhpuri, Taluka. Chandrapur, District. Chandrapur.",River,Wainganga ,Wainganga ,Chandrapur,Maharashtra,Maharashtra PCB,Monthly,Industrial Effluent,A (Drinking Water source without conventional treatment but after disinfection),NA,Industrial,Clear,Less than 50cm,Bathing,Yes,Clear,None,0,22,6.5,8,185,3.2,1.04,79,140,1.8(BDL),70,5(BDL),113,10,8,2,0.43,95.2,76.2,19,14.34,8.9,146,125,34,0.2(BDL),0.5(BDL),1.8,0.2(BDL),NA,20°37.169’,79°51.408’
2176,45847,Sep,0.520833333,"Wainganga river at D/s of Gaurav Paper Mills, near jackwell,  Village. Bramhpuri, Taluka. Chandrapur, District. Chandrapur.",River,Wainganga ,Wainganga ,Chandrapur,Maharashtra,Maharashtra PCB,Monthly,Industrial Effluent,A (Drinking Water source without conventional treatment but after disinfection),NA,Industrial,Clear,Less than 50cm,Bathing,Yes,Clear,None,0,21,6.3,7.6,183,3.5,0.59,140,280,1.8(BDL),70,5(BDL),101,10,12,2.24,0.43,95.2,70.4,24.8,10.59,19.6,141,121,29,0.2(BDL),0.5(BDL),2.6,0.2(BDL),NA,20°37.169’,79°56.408’
2697,45786,Sep,0.5625,"Penganga river near water supply scheme of Umarkhed M.C., Village. Belkhed,Taluka. Umarkhed, District. Yavatmal.",River,Penganga ,Penganga ,Chandrapur,Maharashtra,Maharashtra PCB,Monthly,Industrial Effluent,A (Drinking Water source without conventional treatment but after disinfection),NA,Industrial,Clear,Less than 50cm,"Bathing,Washing",Yes,Clear,None,0,22,6.8,8.2,337,3.2,2.62,7.8,13,1.8(BDL),6,5.6,158,15.5,8,1.68,0.4,161.2,113.8,47.4,17.3,19.1,220,189,10(BDL),0.2(BDL),0.5(BDL),2.6,0.2(BDL),NA,20° 23.559’,78° 07.934’
2698,45786,Sep,0.572916667,"Penganga river D/s of Isapur Dam, Village. Isapur,Taluka. Pusad,District. Yavatmal.",River,Penganga ,Penganga ,Chandrapur,Maharashtra,Maharashtra PCB,Monthly,Industrial Effluent,A (Drinking Water source without conventional treatment but after disinfection),NA,Industrial,Clear,Less than 50cm,Bathing,Yes,Clear,None,0,22,5.8,8.2,336,4.4,2.44,49,79,1.8(BDL),9.1,6.4,159,17.49,16,1.68,0.4,167.4,92.8,74.6,17.3,19.1,218,187,15,0.2(BDL),0.5(BDL),2.6,0.2(BDL),NA,20° 23.559’,78° 07.934’
2719,45847,Sep,0.739583333,"Wardha river at D/s of Erai river at Hadasti near Arun Engg. Works, Village. Hadasti, Taluka. Chandrapur, District. Chandrapur.",River,Erai ,Erai ,Chandrapur,Maharashtra,Maharashtra PCB,Monthly,Industrial Effluent,A (Drinking Water source without conventional treatment but after disinfection),NA,Industrial,Clear,Less than 50cm,"Bathing,Washing",Yes,Clear,None,0,21,5.8,8.4,500,3.7,4.14,140,280,1.8(BDL),60,15.6,224,20.99,16,2.8,1.19,218.2,98.6,119.6,33.8,34.2,329,283,31,0.2(BDL),0.5(BDL),2.8,0.2(BDL),NA,19° 59.433’,79° 15.754’
2720,45847,Sep,0.760416667,"Wardha river at U/s of Erai river at Hadasti near Arun Engg. Works, Village. Hadasti, Taluka. Chandrapur, District. Chandrapur.",River,Erai ,Erai ,Chandrapur,Maharashtra,Maharashtra PCB,Monthly,Industrial Effluent,A (Drinking Water source without conventional treatment but after disinfection),NA,Industrial,Clear,Less than 50cm,"Bathing,Washing",Yes,Clear,None,0,20,6.4,8.4,500,3,4.23,79,110,1.8(BDL),60,16.8,219,20.49,8,2.24,0.83,207.2,85.4,121.8,25.6,34.6,346,298,62,0.2(BDL),0.5(BDL),2.8,0.2(BDL),NA,19° 59.263’,79° 06.907’
2721,45878,Sep,0.427083333,"Wardha river at U/s of ACC Ltd. Ghuggus near WCL pump house, Village. Ghuggus, Taluka. Chandrapur, District. Chandrapur.",River,Wardha ,Wardha ,Chandrapur,Maharashtra,Maharashtra PCB,Monthly,Industrial Effluent,A (Drinking Water source without conventional treatment but after disinfection),NA,Industrial,Clear,Less than 50cm,"Bathing,Washing",Yes,Clear,None,0,20,6.5,8.4,501,3.6,4.13,79,140,1.8(BDL),60,18.4,227,17.99,12,2.24,1.24,205.8,90.2,115.6,30.18,34.1,327,281,51,0.2(BDL),0.5(BDL),2.7,0.2(BDL),NA,19° 54.336’,79° 06.894’
1212,45847,Sep,0.708333333,"Wardha river at Rajura bridge, Village. Rajura, Taluka. Chandrapur, District. Chandrapur.",River,Wardha ,Wardha ,Chandrapur,Maharashtra,Maharashtra PCB,Monthly,Industrial Effluent,A (Drinking Water source without conventional treatment but after disinfection),NA,Industrial,Clear,Less than 50cm,"Bathing,Washing",Yes,Clear,None,0,20,6.7,8.4,503,3.4,4.06,110,170,1.8(BDL),110,16.2,215,19.99,12,2.8,1.05,207.6,87.8,119.8,33.8,9,327,281,41,0.2(BDL),0.5(BDL),1.8,0.2(BDL),NA,19° 48’,79° 23’
1095,45697,Sep,0.489583333,"Godavari river at U/s of Gangapur Dam, Village. Gangapur,Taluka. Nashik, District. Nashik.", Dam,Godavari ,Godavari ,Nashik,Maharashtra,Maharashtra PCB,Monthly,Industrial Effluent,A (Drinking Water source without conventional treatment but after disinfection),NA,Industrial,Clear,Less than 50cm,Bathing,Yes,Clear,None,0,NA,6,7.8,171,3,1.04,17,94,1.8(BDL),4.16,5(BDL),30,6.5,12,1.5(BDL),0.4,36,20,16,5(BDL),7.2,141,111,39,0.57,0.5(BDL),1(BDL),0.2(BDL),NA,20°02.400 ’,73°40.751’
1096,45697,Sep,0.572916667,"Godavari river at Ramkund, Village. Panchavati, Taluka. Nashik, District. Nashik.",River,Godavri ,Godavri ,Nashik,Maharashtra,Maharashtra PCB,Monthly,Industrial Effluent,A (Drinking Water source without conventional treatment but after disinfection),NA,Industrial,Clear,Less than 50cm,Others,Yes,Clear,None,NA,NA,5.2,8.2,321,4.2,2.52,24,280,1.8(BDL),2.61,5(BDL),62,16.99,20,1.5(BDL),0.4,76,44,32,29.98,13.42,259,196,52,0.44,0.5(BDL),1(BDL),0.2(BDL),NA,20°00.482’,73°47.542’
1211,45697,Sep,0.572916667,"Godavari river at D/s of Nashik near Amardham, Village. GadgebabaMaharaj Nagar, Taluka . Nashik, District. Nashik.",River,Godavri ,Godavri ,Nashik,Maharashtra,Maharashtra PCB,Monthly,Industrial Effluent,A (Drinking Water source without conventional treatment but after disinfection),NA,Industrial,Clear,Less than 50cm,"Bathing,Washing",Yes,Clear,None,0,NA,5.2,8.2,321,4.2,2.52,24,280,1.8(BDL),2.61,5(BDL),62,16.99,20,1.5(BDL),0.4,76,44,32,29.98,13.42,259,196,52,0.44,0.5(BDL),1(BDL),0.2(BDL),NA,20°00.109’,73°47.842’
2177,45697,Sep,0.520833333,"Godavari river near Someshwar Temple, Village. Someshwar, Taluka. Nashik, District. Nashik.",River,Godavri ,Godavri ,Nashik,Maharashtra,Maharashtra PCB,Monthly,Industrial Effluent,A (Drinking Water source without conventional treatment but after disinfection),NA,Industrial,Clear,Less than 50cm,"Boating,Tourism Spot",Yes,Clear,None,0,NA,5.9,8.2,209,3.2,1.49,26,540,1.8(BDL),2.52,5(BDL),38,10.5,12,1.5(BDL),0.4,46,26,20,16.53,8.6,169,121,35,0.49,0.5(BDL),1(BDL),0.2(BDL),NA,20°01.391’,73°43.740’
2178,45697,Sep,0.541666667,"Chikhali nallah meets Godavari river, Village. Chikhali, Taluka. Nashik, District. Nashik.",Nala,Chikhali Nalla,Chikhali Nalla,Nashik,Maharashtra,Maharashtra PCB,Monthly,Industrial Effluent,A (Drinking Water source without conventional treatment but after disinfection),NA,Industrial,Clear,Less than 50cm,Others,Yes,Clear,None,0,NA,5,7.5,910,9.4,3.82,94,920,1.8(BDL),4.48,5(BDL),210,120.96,28,1.5(BDL),0.54,254,150,104,103.2,53.87,727,619,80,0.9,0.5(BDL),1(BDL),0.2(BDL),NA,20°01.022’,73°44.116’
2179,45756,Sep,0.552083333,"Godavari river at Hanuman Ghat, Village. Nashik city, Taluka. Nashik, District. Nashik.",River,Godavri ,Godavri ,Nashik,Maharashtra,Maharashtra PCB,Monthly,Industrial Effluent,A (Drinking Water source without conventional treatment but after disinfection),NA,Industrial,Clear,Less than 50cm,"Bathing,Boating",Yes,Clear,None,0,NA,5.7,8.1,328,3.4,2.42,15,220,1.8(BDL),2.92,5(BDL),66,17.49,12,1.5(BDL),0.4,80,46,34,29.83,14.04,263,190,41,0.53,0.5(BDL),1(BDL),0.2(BDL),NA,20°00.546’,73°47.020’
2180,45697,Sep,0.604166667,"Godavari river at Tapovan,Village. Tapovan, Taluka. Nashik, District. Nashik.",River,Godavri ,Godavri ,Nashik,Maharashtra,Maharashtra PCB,Monthly,Industrial Effluent,A (Drinking Water source without conventional treatment but after disinfection),NA,Industrial,Clear,Less than 50cm,"Bathing,Washing",Yes,Clear,None,0,NA,5,7.5,519,3.8,1.48,36,920,1.8(BDL),3.64,5(BDL),116,31.49,16,1.5(BDL),0.4,140,82,58,50.74,27.02,414,350,93,1.14,0.5(BDL),1(BDL),0.2(BDL),NA,20°00.007’,73°48.907’
2181,45697,Sep,0.625,"Godavari river at Kapila. Godavari confluence point,  Village. Tapovan, Taluka. Nashik, District. Nashik.",River,Godavri ,Godavri ,Nashik,Maharashtra,Maharashtra PCB,Monthly,Industrial Effluent,A (Drinking Water source without conventional treatment but after disinfection),NA,Industrial,Clear,Less than 50cm,"Bathing,Washing",Yes,Clear,None,0,NA,5,8.1,330,4.6,2.54,25,920,1.8(BDL),4.23,5(BDL),66,18.49,16,1.5(BDL),0.4,80,46,34,28.4,1313.76,266,190,72,0.61,0.5(BDL),1(BDL),0.2(BDL),NA,20°00.012’,73°48.914’
2182,45697,Sep,0.65625,"Godavari river at Saikheda village,  Village. Saikheda, Taluka. Niphad, District. Nashik.",River,Godavri ,Godavri ,Nashik,Maharashtra,Maharashtra PCB,Monthly,Industrial Effluent,A (Drinking Water source without conventional treatment but after disinfection),NA,Industrial,Clear,Less than 50cm,"Bathing,Washing",Yes,Clear,None,0,NA,4.5,7.9,264,5,2.18,17,280,1.8(BDL),4.12,5(BDL),50,16.49,16,1.5(BDL),0.4,60,34,26,20.97,11.87,215,149,68,1.5,0.5(BDL),1(BDL),0.2(BDL),NA,20°00.859’,74°00.350’
2183,45697,Sep,0.6875,"Godavari river at Nandur.Madhmeshwar Dam, Village. Nandur, Taluka. Niphad, District. Nashik.",River,Godavri ,Godavri ,Nashik,Maharashtra,Maharashtra PCB,Monthly,Industrial Effluent,A (Drinking Water source without conventional treatment but after disinfection),NA,Industrial,Clear,Less than 50cm,Others,Yes,Clear,None,0,NA,5.2,8.1,329,4,2.67,12,79,1.8(BDL),3.54,5(BDL),66,23.49,12,1.5(BDL),0.4,80,46,34,30.14,15.7,263,212,63,0.8,0.5(BDL),1(BDL),0.2(BDL),NA,20°00.535’,74°07.948’
2660,45725,Sep,0.541666667,"Darna river at Chehedi water works (pumping station), Village. Chehedi, Taluka. Nashik, District. Nashik.",River,Darna ,Darna ,Nashik,Maharashtra,Maharashtra PCB,Monthly,Industrial Effluent,A (Drinking Water source without conventional treatment but after disinfection),NA,Industrial,Clear,Less than 50cm,Others,Yes,Clear,None,0,NA,5.4,8.2,187,3.4,1.35,13,220,1.8(BDL),3.81,5(BDL),32,10,16,1.5(BDL),0.4,40,22,18,12.73,7.4,151,124,44,0.5,0.5(BDL),1(BDL),0.2(BDL),NA,19° 55.873’,73° 51.429’
2661,45725,Sep,0.548611111,"Darna river at Aswali ( Darna Dam),Village. Aswali,Taluka. Igatpuri,District. Nashik.",River,Darna ,Darna ,Nashik,Maharashtra,Maharashtra PCB,Monthly,Industrial Effluent,A (Drinking Water source without conventional treatment but after disinfection),NA,Industrial,Clear,Less than 50cm,Others,Yes,Clear,None,0,NA,5.1,8.1,124,3.6,0.79,17,150,1.8(BDL),3.38,NA,20(BDL),11,12,1.5(BDL),0.4,22,12,10,5.09,5(BDL),99,80,42,1.43,0.5(BDL),1(BDL),0.2(BDL),NA,19° 48.184’,73° 44.276’
2662,45725,Sep,0.628472222,"Darna river at MES site pumping station, Village. Bhagur, Taluka. Nashik, District. Nashik.",River,Darna ,Darna ,Nashik,Maharashtra,Maharashtra PCB,Monthly,Industrial Effluent,A (Drinking Water source without conventional treatment but after disinfection),NA,Industrial,Clear,Less than 50cm,Others,Yes,Clear,None,0,NA,5.2,8.3,180,4,1,25,540,1.8(BDL),2.87,NA,32,9,12,1.5(BDL),0.4,40,22,18,7,6.25,146,102,47,0.57,0.5(BDL),1(BDL),0.2(BDL),NA,19° 52.114’,73° 49.662’
2663,45725,Sep,0.5,"Darna river at Bhagur pumping station near Pandhurli bridge, Village. Bhagur,Taluka. Nashik,District. Nashik.",River,Darna ,Darna ,Nashik,Maharashtra,Maharashtra PCB,Monthly,Industrial Effluent,A (Drinking Water source without conventional treatment but after disinfection),NA,Industrial,Clear,Less than 50cm,Others,Yes,Clear,None,0,NA,4.9,8.3,173,4.6,1.06,25,280,1.8(BDL),3.19,5(BDL),30,8,16,1.5(BDL),0.4,38,22,16,7.09,6.41,136,102,44,0.59,0.5(BDL),1(BDL),0.2(BDL),NA,19° 52.306’,73° 50.235’
2664,45725,Sep,0.583333333,"Darna river at Sansari, Village. Sansari,Taluka. Nashik,District. Nashik.",River,Darna ,Darna ,Nashik,Maharashtra,Maharashtra PCB,Monthly,Industrial Effluent,A (Drinking Water source without conventional treatment but after disinfection),NA,Industrial,Clear,Less than 50cm,Others,Yes,Clear,None,0,NA,5.3,8.3,185,3.8,1.32,12,210,1.8(BDL),4.14,5(BDL),34,10.5,12,1.5(BDL),0.4,42,24,18,16.14,7.61,150,116,49,0.86,0.5(BDL),1(BDL),0.2(BDL),NA,19° 54.350’,73° 50.546’
1253,45878,Sep,0.416666667,"Girna river at Malegaon road bridge, Village. Malegaon, Taluka. Malegaon, District. Nashik.",River,Girrna ,Girrna ,Nashik,Maharashtra,Maharashtra PCB,Monthly,Industrial Effluent,A (Drinking Water source without conventional treatment but after disinfection),NA,Industrial,Clear,Less than 50cm,Bathing,Yes,Clear,None,0,NA,5.6,8.2,289,4.6,2.83,21,540,1.8(BDL),194,5(BDL),56,15,16,1.5(BDL),0.75,70,40,30,19.14,15.13,231,178,151,0.84,0.5(BDL),1(BDL),0.2(BDL),NA,20°32.106’,74°31.220’
1251,45847,Sep,0.458333333,"Tapi river at U/s, Bhusawal,Village. Bhusawal Railway Colony, Taluka. Bhusawal, District. Jalgaon.",River,Tapi ,Tapi ,Jalgaon,Maharashtra,Maharashtra PCB,Monthly,None,No Information,NA,None,Clear,Less than 50cm,Others,No,Clear,Odor Free,1,24,5.5,8.3,140,4,0.84,17,220,1.8(BDL),3.92,5(BDL),22,7.5,12,1.5(BDL),0.4,26,14,12,6.4,5(BDL),111,90,52,0.57,0.5(BDL),1(BDL),0.2(BDL),NA,21°03.671’,75°47.537’
1313,45847,Sep,0.625,"Tapi river at Ajnad village, Village.Ajnad , Taluka. Raver, District.Jalgaon.",River,Tapi ,Tapi ,Jalgaon,Maharashtra,Maharashtra PCB,Monthly,None,No Information,NA,None,Clear,Less than 50cm,Others,No,Clear,Odor Free,1,24,5,8.1,253,4.8,2.5,20,430,1.8(BDL),192,5(BDL),52,13,16,1.5(BDL),0.4,62,36,26,17.38,13.25,202,183,123,0.75,0.5(BDL),1(BDL),0.2(BDL),NA,21°14.696’,76°08.898’
2658,45878,Sep,0.5,"Bori river, D/S of Amalner, Village. Amalner, Taluka. Jalgaon, District. Jalgaon.",River,Bori ,Bori ,Jalgaon,Maharashtra,Maharashtra PCB,Monthly,None,No Information,NA,None,Clear,Less than 50cm,Others,No,Clear,Odor Free,1,23,5.2,8.1,254,4.2,2.18,24,430,1.8(BDL),194,5(BDL),52,13,16,1.5(BDL),0.4,62,36,26,14.85,13.24,204,165,187,1.84,0.5(BDL),1(BDL),0.2(BDL),NA,21º 03.360',75º 04.283'
2667,45878,Sep,0.416666667,"Hiwara river at  D/S of Pachora, Village. Pachora,Taluka. Jalgaon,District. Jalgaon.",River,Hiwara ,Hiwara ,Jalgaon,Maharashtra,Maharashtra PCB,Monthly,None,No Information,NA,None,Clear,Less than 50cm,Others,No,Clear,Odor Free,1,23,5.2,8.3,143,4,2.59,24,350,1.8(BDL),5.06,5(BDL),24,8,16,1.5(BDL),0.4,30,16,14,7.51,5(BDL),114,89,48,0.61,0.5(BDL),1(BDL),0.2(BDL),NA,20º 40.031',75º 21.464'
2674,45847,Sep,0.638888889,"Mor river  near Padalashe, Village. Padalashe,Taluka. Jalgaon, District. Jalgaon.",River,Mor ,Mor ,Jalgaon,Maharashtra,Maharashtra PCB,Monthly,None,No Information,NA,None,Clear,Less than 50cm,Others,No,Clear,Odor Free,1,24,5.6,8.3,143,3.8,1.08,26,540,1.8(BDL),3.18,5(BDL),24,9,12,1.5(BDL),0.4,30,16,14,7.08,5(BDL),112,86,43,0.6,0.5(BDL),1(BDL),0.2(BDL),NA,21º 06.455',75º 47.515'
2710,45878,Sep,0.666666667,"Titur river at  D/S of Chalisgaon, Village. Chalisgaon,Taluka. Jalgaon,District. Jalgaon.",River,Titur ,Titur ,Jalgaon,Maharashtra,Maharashtra PCB,Monthly,Industrial Effluent,A (Drinking Water source without conventional treatment but after disinfection),NA,Industrial,Clear,Less than 50cm,Others,Yes,Clear,None,1,24,4.7,8.1,243,4.8,3.66,14,210,1.8(BDL),186,5(BDL),50,13,20,1.5(BDL),0.95,60,36,24,19.98,13.75,196,158,221,1.45,0.5(BDL),1(BDL),0.2(BDL),NA,20º 27.987',75º 01.165'
2718,45847,Sep,0.395833333,"Waghur river at. Sakegaon before Confluence with Tapi river, Village. Sakegaon,Taluka. Jalgaon,District. Jalgaon.",River,Waghur ,Waghur ,Jalgaon,Maharashtra,Maharashtra PCB,Monthly,None,No Information,NA,None,Clear,Less than 50cm,Others,No,Clear,Odor Free,1,24,5.1,8.1,249,4.2,2.5,14,94,1.8(BDL),189,5(BDL),50,13,12,1.5(BDL),0.89,60,36,24,11.7,13.06,198,151,184,0.75,0.5(BDL),1(BDL),0.2(BDL),NA,21º 05.592',75º 41.642'
1252,45847,Sep,0.354166667,"Girna river at Jalgaon at intake of Girna pump huose, Village. Girna pump house area, Taluka. Jalgaon, District. Jalgaon.",River,Girna ,Girna ,Jalgaon,Maharashtra,Maharashtra PCB,Monthly,None,No Information,NA,None,Clear,Less than 50cm,Others,No,Clear,Odor Free,1,24,5.5,8.3,149,4,0.82,17,350,1.8(BDL),4.8,5(BDL),26,8,12,1.5(BDL),0.4,32,18,14,7.19,5.01,119,86,47,0.67,0.5(BDL),1(BDL),0.2(BDL),NA,20°59.372’,75°30.942’
1314,45756,Sep,0.534722222,"Tapi river at Ubad village near Gujratborder, Village. Ubad, Taluka. Shahada, District. Nandurbar.",River,Tapi ,Tapi ,Dhule,Maharashtra,Maharashtra PCB,Monthly,Industrial Effluent,A (Drinking Water source without conventional treatment but after disinfection),NA,Industrial,Clear,Less than 50cm,Others,Yes,Clear,None,0,20,5.4,8.2,291,3.6,2.83,14,220,1.8(BDL),195,5(BDL),56,15,12,1.5(BDL),0.68,70,40,30,21.57,15.27,236,169,163,1.42,0.5(BDL),1(BDL),0.2(BDL),NA,21°31.799’,74°19.149’
2652,45725,Sep,0,"Amravati river at D/s. of Dondaicha, Village. Dondaicha, Taluka. Dhule, District. Dhule.",River,Amravati ,Amravati ,Dhule,Maharashtra,Maharashtra PCB,Monthly,NA,NA,NA,NA,NA,NA,NA,NA,NA,NA,NA,NA,NA,NA,NA,NA,NA,NA,NA,NA,NA,NA,NA,NA,NA,NA,NA,NA,NA,NA,NA,NA,NA,NA,NA,NA,NA,NA,NA,No flowing water available,21º 19.688',74º 34.184'
2659,45756,Sep,0.375,"Burai river before confluence to Tapi river, Village. Mukudas, Taluka. Dhule, District. Dhule.",River,Burai ,Burai ,Dhule,Maharashtra,Maharashtra PCB,Monthly,Industrial Effluent,A (Drinking Water source without conventional treatment but after disinfection),NA,Industrial,Clear,Less than 50cm,Others,Yes,Clear,None,0,16,5.4,8.3,289,3.8,2.62,25,430,1.8(BDL),188,5(BDL),58,14,12,1.5(BDL),0.58,70,42,28,24.07,15.7,233,189,158,1.15,0.5(BDL),1(BDL),0.2(BDL),NA,21º 18.077',75º 47.818'
2666,45756,Sep,0.444444444,"Gomai river D/s. of Shahada, Village. Shahada,Taluka. Dhule,District. Dhule.",River,Gomai ,Gomai ,Dhule,Maharashtra,Maharashtra PCB,Monthly,Industrial Effluent,A (Drinking Water source without conventional treatment but after disinfection),NA,Industrial,Clear,Less than 50cm,Others,Yes,Clear,None,0,18,5.2,8.2,290,4,2.72,17,280,1.8(BDL),201,5(BDL),56,16,16,1.5(BDL),0.57,68,40,28,18.61,15.26,234,176,156,0.81,0.5(BDL),1(BDL),0.2(BDL),NA,21º 32.744',74º 27.618'
2670,45725,Sep,0.402777778,"Kan river at Sakri water works, Village. Sakri, Taluka. Dhule, District. Dhule.",River,Kan ,Kan ,Dhule,Maharashtra,Maharashtra PCB,Monthly,Industrial Effluent,A (Drinking Water source without conventional treatment but after disinfection),NA,Industrial,Clear,Less than 50cm,Others,Yes,Clear,None,0,18,5.5,8.5,306,4,2.62,12,110,1.8(BDL),3.61,5(BDL),60,14,16,1.5(BDL),0.4,72,42,30,15.65,13.36,248,183,48,0.67,0.5(BDL),1(BDL),0.2(BDL),NA,20º 59.642',74º 17.48'
2684,45725,Sep,0.375,"Panzara river, Near Panzarakan SSK Ltd, Village. Panzara,Taluka. Dhule, District. Dhule.",River,Panzara ,Panzara ,Dhule,Maharashtra,Maharashtra PCB,Monthly,Industrial Effluent,A (Drinking Water source without conventional treatment but after disinfection),NA,Industrial,Clear,Less than 50cm,Others,Yes,Clear,None,0,16,5.6,8.4,309,3.8,2.58,25,350,1.8(BDL),4.09,5(BDL),60,13.5,16,1.5(BDL),0.4,72,42,30,7.62,13.55,249,205,37,0.63,0.5(BDL),1(BDL),0.2(BDL),NA,20º 57.405',74º 17.598'
1907,45725,Sep,0.513888889,"Rangavali river at D/s of Navapur near Rangavali bridge, Village. Navapur, Taluka. Navapur, District. Nandurbar.",River,Rangavali ,Rangavali ,Dhule,Maharashtra,Maharashtra PCB,Monthly,Industrial Effluent,A (Drinking Water source without conventional treatment but after disinfection),NA,Industrial,Clear,Less than 50cm,Others,Yes,Clear,None,0,20,5,8.5,320,4.8,2.7,14,350,1.8(BDL),3.28,5(BDL),62,14,20,1.5(BDL),0.52,76,44,32,19.08,14.36,256,209,33,0.63,0.5(BDL),1(BDL),0.2(BDL),NA,21°09.794',73°47.211'
1463,45725,Sep,0.395833333,"Nira river at Sarola bridge, Village. Sarola, Taluka.Bhor, District. Pune.",River,Nira ,Nira ,Pune,Maharashtra,Maharashtra PCB,Monthly,None,A (Drinking Water source without conventional treatment but after disinfection),NA,None,Clear,Less than 50cm,Others,Yes,Clear,None,0,27.5,5.7,8.3,177,4.6,0.51,12,94,1.8(BDL),2.75,5(BDL),36,10.45,16,2.24,0.4,52,24,28,5(BDL),5.61,143,115,15,0.2(BDL),0.5(BDL),1(BDL),0.2(BDL),NA,18°10.588',73°57.287 '
2191,45847,Sep,0.729166667,"Mutha river at Sangam bridge near Ganapathyghat, Village . Shivaji Nagar,  Taluka. Pune, District. Pune.",River,Mutha ,Mutha ,Pune,Maharashtra,Maharashtra PCB,Monthly,None,A (Drinking Water source without conventional treatment but after disinfection),NA,None,Clear,Less than 50cm,Others,Yes,Clear,None,0,27,4.8,7.5,200,7.3,0.8,220,1600,12,1.78,5(BDL),38,14.2,20,1.5(BDL),0.61,62,30,32,9.4,6.54,160,126,12,0.8,0.51,BDL,0.7,NA,18°31.815’,73°51.662’
2192,45847,Sep,0.625,"Mula - Mutha river at Mundhawa bridge,Village. Mundhawa,Taluka. Haweli,District. Pune.",River,Mula Mutha ,Mula Mutha ,Pune,Maharashtra,Maharashtra PCB,Monthly,None,A (Drinking Water source without conventional treatment but after disinfection),NA,None,Clear,Less than 50cm,Others,Yes,Clear,None,0,27,5,7.2,238,8.6,0.79,94,1600,12,1.69,5(BDL),44,18.34,24,2.8,0.75,68,34,34,12.44,8.12,190,149,12,0.68,0.5(BDL),1.15,0.9,NA,18°32.206’,73°56.015’
2193,45847,Sep,0.4375,"Mula river at Aundh bridge, Village. Aundhgaon,Taluka. Haweli, District. Pune.",River,Mula ,Mula ,Pune,Maharashtra,Maharashtra PCB,Monthly,None,A (Drinking Water source without conventional treatment but after disinfection),NA,None,Clear,Less than 50cm,Others,Yes,Clear,None,0,27.5,5.6,7.8,164,5.8,1.2,13,920,1.8(BDL),1.66,5(BDL),34,10.6,16,2.8,1.37,48,24,24,5(BDL),5(BDL),136,109,11,1.03,0.55,1(BDL),0.9,NA,18°34.049’,73°48.675’
2194,45847,Sep,0.625,"Mula river at Harrison bridge near Mula.Pawana sangam, Village. Bopodi,Taluka. Haweli, District. Pune.",River,Mula ,Mula ,Pune,Maharashtra,Maharashtra PCB,Monthly,None,A (Drinking Water source without conventional treatment but after disinfection),NA,None,Clear,Less than 50cm,Others,Yes,Clear,None,0,27.5,5.1,7.6,177,7.6,0.42,26,1600,2,1.57,5(BDL),36,14.5,20,1.68,0.58,50,26,24,5(BDL),5(BDL),148,121,12,1.07,0.62,1(BDL),0.8,NA,18°34.462’,73°50.139’
2195,45697,Sep,0.545138889,"Nira river at D/s of Jubilant Organosis,  Village. Nimbut, Taluka. Baramati, District. Pune.",River,Nira ,Nira ,Pune,Maharashtra,Maharashtra PCB,Monthly,None,A (Drinking Water source without conventional treatment but after disinfection),NA,None,Clear,Less than 50cm,Others,Yes,Clear,None,0,27.5,5.2,8,239,7.4,0.55,130,920,23,1.07,5(BDL),46,18.89,24,1.5(BDL),0.4,68,30,38,7.72,13.85,192,155,13,0.89,0.5(BDL),1.15,0.5,NA,18°06.093’,74°14.038’
2682,45697,Sep,0.770833333,"Nira river at U/s of Jubilant Organosis, Village. Nira (Dattaghat),Taluka. Baramati, District. Pune.",River,Nira ,Nira ,Pune,Maharashtra,Maharashtra PCB,Monthly,None,A (Drinking Water source without conventional treatment but after disinfection),NA,None,Clear,Less than 50cm,Others,Yes,Clear,None,0,27.5,5.3,7.8,218,6,0.43,6.8,46,1.8(BDL),1.33,5(BDL),40,16.44,20,1.68,0.4,62,26,36,BDL,13.31,175,142,11,0.2(BDL),0.5(BDL),1.16,0.2(BDL),NA,18° 05.811’,74° 12.730’
2656,45697,Sep,0.545138889,"Bhima river. Backwater of Ujani Dam, near raw water pump house, Village. Kumbargaon, Taluka. Indapur, District. Pune.",River,Bhima ,Bhima ,Pune,Maharashtra,Maharashtra PCB,Monthly,None,A (Drinking Water source without conventional treatment but after disinfection),NA,None,Clear,Less than 50cm,Others,Yes,Clear,None,0,27.5,6.2,8.3,830,3,0.82,23,170,4.5,3.28,5(BDL),144,99.97,8,1.68,0.67,234,116,118,57.08,74.01,667,536,15,0.2(BDL),0.5(BDL),4.26,0.2(BDL),NA,18° 16.341’,74° 47.893’
2678,45847,Sep,0.760416667,"Mutha river near Veer Savarkar Bhavan, Village. Pune  M.C, Taluka. Pune, District .Pune.",River,Mutha ,Mutha ,Pune,Maharashtra,Maharashtra PCB,Monthly,None,A (Drinking Water source without conventional treatment but after disinfection),NA,None,Clear,Less than 50cm,Others,Yes,Clear,None,0,27,4,7.5,202,8.4,0.71,920,1600,33,1.98,5(BDL),36,31.14,24,1.5(BDL),0.49,58,28,30,10.59,6.97,162,131,10(BDL),1.05,0.66,1(BDL),0.8,NA,18° 31.287’,73° 51.018’
2679,45847,Sep,0.770833333,"Mutha river at Deccan bridge, Village. Deccan,Taluka. Pune, District. Pune.",River,Mutha ,Mutha ,Pune,Maharashtra,Maharashtra PCB,Monthly,None,A (Drinking Water source without conventional treatment but after disinfection),NA,None,Clear,Less than 50cm,Others,Yes,Clear,None,0,27,3.7,7.4,202,9.2,0.91,430,1600,26,1.72,5(BDL),38,18.24,28,1.68,0.57,60,30,30,6.19,7.12,165,129,11,1.01,0.72,1.1,0.7,NA,18° 30.910’,73° 50.677’
1189,45847,Sep,0.503472222,"Bhima river at Pune (Mutha river) at U/s of Vithalwadi near Shankar Mandir, Village. Vithalwadi, Taluka. Haweli, District. Pune.",River,Bhima ,Bhima ,Pune,Maharashtra,Maharashtra PCB,Monthly,None,A (Drinking Water source without conventional treatment but after disinfection),NA,None,Clear,Less than 50cm,Others,Yes,Clear,None,0,27.5,5.1,7.5,203,7.3,1.03,17,920,1.8(BDL),1.91,5(BDL),36,15,20,2.24,0.82,58,28,30,5(BDL),6.86,160,124,12,0.66,0.5(BDL),1(BDL),0.5,NA,18°29.012 ’,73°49.554’
1190,45847,Sep,0.708333333,"Bhima river at D/s of Bundgarden, Village . Yerwada,Taluka. Haweli, District. Pune.",River,Bhima ,Bhima ,Pune,Maharashtra,Maharashtra PCB,Monthly,None,A (Drinking Water source without conventional treatment but after disinfection),NA,None,Clear,Less than 50cm,Others,Yes,Clear,None,0,27,4.5,7.4,226,9,0.66,120,920,11,1.75,5(BDL),40,20.29,28,1.68,0.44,64,32,32,11.59,7.2,182,143,12,1,0.5(BDL),1.11,0.8,NA,18°32.647 ’,73°52.946’
1191,45697,Sep,0.4375,"Bhima river after confluence with Mula.Mutha at Pargaon near Vasant Bandara,Village. Pargaon,Taluka. Daund, District. Pune.",River,Bhima ,Bhima ,Pune,Maharashtra,Maharashtra PCB,Monthly,None,A (Drinking Water source without conventional treatment but after disinfection),NA,None,Clear,Less than 50cm,Others,Yes,Clear,None,0,27,5.1,7.7,433,8.2,0.56,49,350,11,1.1,5(BDL),88,36.59,24,1.5(BDL),0.4,122,62,60,28.41,30.19,348,275,11,0.2(BDL),0.5(BDL),3.08,0.2(BDL),NA,18°34.074 ’,74°22.681’
1192,45697,Sep,0.475694444,"Bhima river at Daund near Mahadev temple,Village. Daund, Taluka. Daund, District. Pune.",River,Bhima ,Bhima ,Pune,Maharashtra,Maharashtra PCB,Monthly,None,A (Drinking Water source without conventional treatment but after disinfection),NA,None,Clear,Less than 50cm,Others,Yes,Clear,None,0,27,5.6,8.1,464,5.5,NA,70,540,17,1.3,5(BDL),94,35.54,20,1.68,0.68,132,68,64,39.99,37.39,368,293,12,0.2(BDL),0.5(BDL),1.81,0.2(BDL),NA,18°28.234 ’,74°35.235’
2680,45939,Sep,0.354166667,"Mutha river at Khadakvasla Dam, Village. Khadakvasla,Taluka. Haweli, District. Pune.",River,Mutha ,Mutha ,Pune,Maharashtra,Maharashtra PCB,Monthly,None,A (Drinking Water source without conventional treatment but after disinfection),NA,Industrial,Clear,Less than 50cm,Others,Yes,Clear,None,0,23,6.9,7.8,123,2.4,0.82,6.8,1600,1.8(BDL),3.05,5(BDL),20(BDL),5(BDL),8,2.8,0.99,36,16,20,5(BDL),5(BDL),102,83,17,0.68,0.5(BDL),1(BDL),0.2(BDL),NA,18° 26.433’,73° 46.411’
2197,45939,Sep,0.503472222,"Indrayani river at D/s of Alandigaon, Village. Alandigaon, Taluka. Haweli, District. Pune.",River,Indrayani ,Indrayani ,Pune,Maharashtra,Maharashtra PCB,Monthly,None,No Information,NA,Industrial,Clear,Less than 50cm,Others,Yes,Clear,None,0,23,6,7.9,241,5.4,0.64,7.8,1600,1.8(BDL),1.06,5(BDL),40,17.64,20,2.24,0.87,68,32,36,5.29,8.43,185,144,12,0.82,0.72,1.57,0.7,NA,18°39.428’,73°54.600’
2655,45939,Sep,0.739583333,"Bhima river at Koregaon near Koregaon bridge, Village. Koregaon,Taluka. Shirur, District. Pune.",River,Bhima ,Bhima ,Pune,Maharashtra,Maharashtra PCB,Monthly,Industrial Effluent,No Information,NA,Industrial,Clear,Less than 50cm,Others,Yes,Clear,None,0,23,6.5,8.2,272,4.6,0.85,21,540,1.8(BDL),1.32,5(BDL),42,22.19,16,1.68,0.63,76,36,40,10.51,9.44,212,172,12,0.37,0.5(BDL),1(BDL),0.2(BDL),NA,18° 38.712’,74° 03.303’
2665,45939,Sep,0.645833333,"Ghod river at Shirur, Village. Shirur,Taluka. Shirur,District. Pune.",River,Ghod ,Ghod ,Pune,Maharashtra,Maharashtra PCB,Monthly,Industrial Effluent,No Information,NA,Industrial,Clear,Less than 50cm,Others,Yes,Clear,None,0,23,6.4,8.2,303,4,0.55,6.1,540,1.8(BDL),1.8,5(BDL),60,25.64,12,1.5(BDL),0.61,86,44,42,11.87,15.3,237,191,10(BDL),0.25,0.5(BDL),1(BDL),0.4,NA,18° 49.961’,74° 23.504’
2668,45939,Sep,0.461805556,"Indrayani river at D/s of Moshi village. Village. Moshi,  Taluka. Haweli, District. Pune.",River,Indrayani ,Indrayani ,Pune,Maharashtra,Maharashtra PCB,Monthly,None,No Information,NA,Industrial,Clear,Less than 50cm,Others,Yes,Clear,None,0,23,6.1,7.7,282,4.8,0.75,13,1600,1.8(BDL),1.12,5(BDL),62,19.99,16,2.8,0.95,80,40,40,9.45,9.63,225,179,12,0.9,0.68,1.93,0.6,NA,18° 41.019’,73° 52.713’
2669,45939,Sep,0.447916667,"Indrayani river at U/s of Moshigaon,Village. Moshi, Taluka. Haweli, District. Pune.",River,Indrayani ,Indrayani ,Pune,Maharashtra,Maharashtra PCB,Monthly,None,No Information,NA,Industrial,Clear,Less than 50cm,Others,Yes,Clear,None,0,23,6.6,7.8,204,3.8,0.56,11,1600,1.8(BDL),1.6,5(BDL),36,13.8,12,2.24,0.67,58,30,28,5.26,5.71,154,125,10(BDL),0.24,0.5(BDL),1(BDL),0.4,NA,18° 41.331’,73° 50.793’
2677,45939,Sep,0.753472222,"Mula.Mutha river at D/s of Theur, Village. Theur, Taluka. Haweli, District. Pune.",River,Mula Mutha ,Mula Mutha ,Pune,Maharashtra,Maharashtra PCB,Monthly,Industrial Effluent,A (Drinking Water source without conventional treatment but after disinfection),NA,Industrial,Clear,Less than 50cm,Others,Yes,Clear,None,0,23,5.2,7.2,308,7.2,1.31,33,1600,11,2.48,5(BDL),62,16.39,24,3.92,1.68,86,46,40,32.8,18.14,248,201,11,0.88,0.5(BDL),1.46,0.6,NA,18° 31.846’,74° 20.895’
2715,45939,Sep,0.71875,"Vel river at Shikrapur, Village. Shikrapur,Taluka. Shirur, District. Pune.",River,Velu ,Velu ,Pune,Maharashtra,Maharashtra PCB,Monthly,None,No Information,NA,Industrial,Clear,Less than 50cm,Others,Yes,Clear,None,0,23,6.2,8.3,587,5,0.68,17,350,1.8(BDL),1.15,6,134,43.14,16,2.8,0.72,166,88,78,37.59,16.48,451,363,11,0.2(BDL),0.5(BDL),2.04,0.3,NA,18° 41.614’,74° 08.120’
2196,45725,Sep,0.548611111,"Pawana river at Sangavigaon,  Village. Sangavigaon, Taluka. Haweli, District. Pune.",River,Pawana ,Pawana ,Pune,Maharashtra,Maharashtra PCB,Monthly,None,No Information,NA,None,Raining,Less than 50cm,Others,Yes,Clear,None,0,27,5.2,7.3,240,5.6,0.77,23,350,6.1,1(BDL),5(BDL),44,18.44,19.9,1.68,0.45,68,34,34,13.19,8.84,195,155,10(BDL),0.73,0.65,1.25,0.6,NA,18°34.540’,73°49.535’
2690,45725,Sep,0.774305556,"Pawana river at Kasarwadi, Village. Kasarwadi, Taluka. Haweli, District. Pune.",River,Pawana ,Pawana ,Pune,Maharashtra,Maharashtra PCB,Monthly,None,No Information,NA,None,Raining,Less than 50cm,Others,Yes,Clear,None,0,27,4.6,7.2,282,8.4,1.01,47,540,11,1(BDL),5(BDL),56,24.09,23.9,2.24,0.79,78,40,38,13.73,11.67,228,179,11,0.93,1.11,1.67,0.7,NA,18° 36.137’,73° 49.306’
2691,45725,Sep,0.53125,"Pawana river at  Dapodi bridge, at Pawana. Mulla Sangam,  Village. Dapodi, Taluka. Haweli, District. Pune.",River,Pawana ,Pawana ,Pune,Maharashtra,Maharashtra PCB,Monthly,None,No Information,NA,None,Raining,Less than 50cm,Others,Yes,Clear,None,0,27,4.9,7.2,346,8.2,0.99,110,1600,4,1.33,5(BDL),60,29.59,23.9,2.24,0.69,96,48,48,16.14,15.78,279,225,12,1.04,0.5(BDL),1.96,0.8,NA,18° 34.429’,73° 49.909’
2692,45725,Sep,0.6625,"Pawana river at Ravet Weir, Village. Ravet, Taluka. Haweli, District. Pune.",River,Pawana ,Pawana ,Pune,Maharashtra,Maharashtra PCB,Monthly,None,No Information,NA,None,Raining,Less than 50cm,Others,Yes,Clear,None,0,27,5.8,7.7,175,4.6,0.88,21,170,1.8(BDL),1.82,5(BDL),20(BDL),9.8,8,1.68,0.57,50,24,26,7.24,5(BDL),142,117,11,0.2(BDL),0.5(BDL),1(BDL),0.2(BDL),NA,18° 38.374’,73° 44.867’
2693,45725,Sep,0.756944444,"Pawana river at Chinchwadgaon, Village. Chinchwadgaon,Taluka. Haweli,District. Pune.",River,Pawana ,Pawana ,Pune,Maharashtra,Maharashtra PCB,Monthly,None,No Information,NA,None,Raining,Less than 50cm,Others,Yes,Clear,None,0,27,5.3,7.5,189,5.4,0.68,49,540,12,1(BDL),5(BDL),34,10.6,15.9,2.24,0.71,54,26,28,7.4,5(BDL),156,128,12,0.4,0.5(BDL),1(BDL),0.5,NA,18° 37.553’,73° 46.681’
2694,45725,Sep,0.795138889,"Pawana river at Pimprigaon, Village. Pimprigaon, Taluka. Haweli, District. Pune.",River,Pawana ,Pawana ,Pune,Maharashtra,Maharashtra PCB,Monthly,None,No Information,NA,None,Raining,Less than 50cm,Others,Yes,Clear,None,0,27,5.1,7.2,304,7,0.81,46,540,1.8(BDL),1(BDL),5(BDL),58,28.84,19.9,1.68,0.46,86,44,42,25.89,11.85,248,201,10(BDL),0.76,0.5(BDL),1.68,0.6,NA,18° 37.301’,73° 47.903’
36,45725,Sep,0.1875,"Krishna river at Krishna bridge, ( Krishna river at NH.4 bridge ) Village. Karad, Taluka. Karad, District. Satara.",River,Krishna ,Krishna ,Satara,Maharashtra,Maharashtra PCB,Monthly,Industrial Effluent,A (Drinking Water source without conventional treatment but after disinfection),NA,Industrial,Raining,Less than 50cm,"Bathing,Washing",Yes,Clear,Odor Free,0,26.5,6.1,8.2,200,4.6,0.77,23,220,1.8(BDL),4.65,5(BDL),36,10.3,15.9,1.5(BDL),0.4,56,30,26,5.34,6.42,160,131,18,0.2(BDL),0.5(BDL),1(BDL),0.2(BDL),NA,17°17.690’,74°11.321’
2186,45725,Sep,0.520833333,"Venna river at Varye, Village . Varye,Taluka. Satara, District. Satara.",River,Venna ,Venna ,Satara,Maharashtra,Maharashtra PCB,Monthly,Industrial Effluent,A (Drinking Water source without conventional treatment but after disinfection),NA,Industrial,Raining,Less than 50cm,"Bathing,Washing",Yes,Clear,Odor Free,0,25,6.8,8.2,161,2.6,0.69,2,280,17,4.82,5(BDL),30,6.65,8,1.5(BDL),0.51,46,24,22,5(BDL),5(BDL),132,108,17,0.2(BDL),0.5(BDL),1(BDL),0.2(BDL),NA,17°43.793’,73°58.928’
2187,45725,Sep,0.375,"Krishna river at Kshetra Mahuli, Village. Kshetra.Mahuli,Taluka. Mahuli, District. Satara.",River,Krishna ,Krishna ,Satara,Maharashtra,Maharashtra PCB,Monthly,Industrial Effluent,A (Drinking Water source without conventional treatment but after disinfection),NA,Industrial,Raining,Less than 50cm,"Bathing,Washing",Yes,Clear,Odor Free,0,25,5.9,8.3,246,5.4,0.49,31,540,6.1,2.2,5(BDL),42,10.4,19.9,1.5(BDL),0.4,70,34,36,5(BDL),7.27,198,162,12,0.2(BDL),0.5(BDL),1(BDL),0.2(BDL),NA,17°41.735’,74°03.286’
2188,45725,Sep,0.354166667,"Krishna river at Krishna. Venna Sangam Mahuli , Village. Mahuli,Taluka. Mahuli, District. Satara.",River,Krishna ,Krishna ,Satara,Maharashtra,Maharashtra PCB,Monthly,Industrial Effluent,A (Drinking Water source without conventional treatment but after disinfection),NA,Industrial,Raining,Less than 50cm,"Bathing,Washing",Yes,Light Brown,Odor Free,0,26.5,6.3,8.2,272,4,0.55,70,920,9.2,2.47,5(BDL),42,14.8,12,2.24,0.4,76,32,44,5.34,8.05,220,180,14,0.2(BDL),0.5(BDL),1(BDL),0.2(BDL),NA,17°41.445’,74°03.088’
2189,45725,Sep,0.131944444,"Koyna River at Karad, Village. Karad,Taluka. Karad, District. Satara.",River,Koyna ,Koyna ,Satara,Maharashtra,Maharashtra PCB,Monthly,Industrial Effluent,A (Drinking Water source without conventional treatment but after disinfection),NA,Industrial,Raining,Less than 50cm,"Bathing,Washing",Yes,Brown,Odor Free,0,27,6.2,8.1,89,4.1,0.61,17,240,2,5.82,5(BDL),20(BDL),7.95,12,1.5(BDL),0.4,26,14,12,5(BDL),5(BDL),76,63,21,0.2(BDL),0.64,1(BDL),0.2(BDL),NA,17°16.668’,74°10.528’
2190,45725,Sep,0.135416667,"Krishna river at Wai, Village. Wai,Taluka. Wai,District. Satara.",River,Krishna ,Krishna ,Satara,Maharashtra,Maharashtra PCB,Monthly,Industrial Effluent,A (Drinking Water source without conventional treatment but after disinfection),NA,Industrial,Raining,Less than 50cm,"Bathing,Washing",Yes,Clear,Odor Free,0,25,6.1,8.2,137,4.6,0.7,14,220,1.8(BDL),1.7,5(BDL),28,6.75,12,1.68,0.55,38,20,18,5(BDL),5(BDL),112,92,11,0.2(BDL),0.5(BDL),1(BDL),0.2(BDL),NA,17°34.304’,74°02.862’
2681,45697,Sep,0.083333333,"Nira river at Sangavi, Village. Sangavi, Taluka. Phaltan, District. Satara.",River,Nira ,Nira ,Satara,Maharashtra,Maharashtra PCB,Monthly,Industrial Effluent,A (Drinking Water source without conventional treatment but after disinfection),NA,Industrial,Raining,Less than 50cm,"Bathing,Washing",Yes,Clear,Odor Free,0,25,6,8.3,272,5.2,0.69,23,540,7.8,1.46,5(BDL),42,22.24,20,2.24,0.41,76,32,44,15.2,20.02,219,178,10(BDL),0.22,0.5(BDL),1(BDL),0.3,NA,18° 03.424’,74° 29.320’
2683,45697,Sep,0.5,"Nira river at Shindewadi,  Village. Shirval, Taluka. Khandala, District. Satara.",River,Nira ,Nira ,Satara,Maharashtra,Maharashtra PCB,Monthly,Industrial Effluent,A (Drinking Water source without conventional treatment but after disinfection),NA,Industrial,Raining,Less than 50cm,"Bathing,Washing",Yes,Clear,Odor Free,0,24,6.2,8.2,173,4.5,0.72,33,540,6.8,1.94,5(BDL),34,10.6,16,1.68,0.4,50,26,24,5(BDL),5(BDL),134,109,12,0.2(BDL),0.5(BDL),1(BDL),0.2(BDL),NA,18° 08.771’,73° 59.044’
2711,45725,Sep,0.052083333,"Urmodi river at Nagthne, Village. Nagthane,Taluka. Satara, District. Satara.",River,Urmodi ,Urmodi ,Satara,Maharashtra,Maharashtra PCB,Monthly,Industrial Effluent,A (Drinking Water source without conventional treatment but after disinfection),NA,Industrial,Raining,Less than 50cm,"Bathing,Washing",Yes,Light Brown,Odor Free,0,28,6.1,8.2,174,5,0.81,46,350,2,3.43,5(BDL),40,9.9,16,2.24,0.63,50,24,26,5(BDL),5(BDL),142,115,15,0.2(BDL),0.5(BDL),1(BDL),0.2(BDL),NA,17° 34.305’,74° 02.863’
2716,45725,Sep,0.229166667,"Venna river at  Mahabaleshwar, Village. Mahabaleshwar, Taluka. Mahabaleshwar, District. Satara.",River,Venna ,Venna ,Satara,Maharashtra,Maharashtra PCB,Monthly,Industrial Effluent,A (Drinking Water source without conventional treatment but after disinfection),NA,Industrial,Raining,Less than 50cm,"Bathing,Washing",Yes,Light Brown,Odor Free,0,23,6.7,8,44,2.4,0.92,17,350,2,10.8,5(BDL),20(BDL),10.6,8,1.5(BDL),0.4,16,8,8,5(BDL),5(BDL),38,31,36,0.2(BDL),0.5(BDL),1(BDL),0.2(BDL),NA,17° 55.296’,73° 41.475’
2717,45725,Sep,0.4375,"Venna river at Mahuli, Village. Mahuli, Taluka. Mahuli, District. Satara.",River,Venna ,Venna ,Satara,Maharashtra,Maharashtra PCB,Monthly,Industrial Effluent,A (Drinking Water source without conventional treatment but after disinfection),NA,Industrial,Raining,Less than 50cm,"Bathing,Washing",Yes,Clear,Odor Free,0,25,6.3,8.1,196,4.2,0.83,70,350,1.8(BDL),5.54,5(BDL),32,10.6,16,1.68,0.69,54,28,26,5.02,5(BDL),155,126,19,0.2(BDL),1.01,1(BDL),0.2(BDL),NA,17° 41.566’,74° 03.043’
1194,45725,Sep,0.104166667,"Krishna river at Dhom Dam, Village. Wai, Taluka.Mahabaleshwar, District.Satara.",River,Krishna ,Krishna ,Satara,Maharashtra,Maharashtra PCB,Monthly,Industrial Effluent,A (Drinking Water source without conventional treatment but after disinfection),NA,Industrial,Raining,Less than 50cm,"Bathing,Washing",Yes,Clear,Odor Free,0,24,6.9,8.3,103,2.2,0.44,4,94,1.8(BDL),1.27,6,20(BDL),6.75,8,1.5(BDL),0.4,30,14,16,5(BDL),5(BDL),85,66,11,0.2(BDL),0.5(BDL),1(BDL),0.2(BDL),NA,17° 58’,73° 50’
28,45847,Sep,0.447916667,"Bhima river at Takli near Karnataka border, Village. Takali, Taluka. South Solapur,  District. Solapur.",River,Bhima ,Bhima ,Solapur,Maharashtra,Maharashtra PCB,Monthly,None,C (Drinking water source),NA,None,Clear,Greater than 100cm,Others,No,Clear,None,0,29,6.4,8.3,679,5,1.06,14,350,1.8(BDL),4.35,5(BDL),134,78.78,16,3.36,1.24,190,92,98,70.36,56.5,542,438,19,0.31,0.5(BDL),2.82,0.6,NA,17°24.910’,75°50.766 ’
1188,45725,Sep,0.635416667,"Bhima river at Narsingpur  near Sangam bridge after confluence with Nira, Village. Narsingpur, Taluka.Malshiros, District. Solapur.",River,Bhima ,Bhima ,Solapur,Maharashtra,Maharashtra PCB,Monthly,None,C (Drinking water source),NA,None,Clear,Greater than 100cm,Others,No,Clear,None,0,30,6.4,8.2,569,4.8,0.93,17,540,1.8(BDL),1.75,5(BDL),126,51.93,16,2.24,0.71,160,82,78,50.92,51.7,435,346,13,0.73,0.5(BDL),1.63,0.3,NA,17° 30’,75° 30’
1911,45725,Sep,0.569444444,"Chandrabhaga river at U/s of Pandharpur town, Village. Gursale,Taluka. Pandharpur, District. Solapur.",River,Chandrabhaga ,Chandrabhaga ,Solapur,Maharashtra,Maharashtra PCB,Monthly,None,C (Drinking water source),NA,None,Clear,Greater than 100cm,Others,No,Clear,None,0,30,6.5,8.2,645,4.6,0.89,1.8(BDL),280,1.8(BDL),2.2,5(BDL),132,60.58,16,1.68,0.57,182,92,90,72.48,52.5,516,416,16,0.45,0.5(BDL),1.85,0.3,NA,17°43.797',75°18.745'
1912,45725,Sep,0.534722222,"Chandrabhaga river at D/s of Pandharpur town rear Vishnupant Mandir, Village. Gopalpur,Taluka. Pandharpur,District. Solapur.",River,Chandrabhaga ,Chandrabhaga ,Solapur,Maharashtra,Maharashtra PCB,Monthly,None,B (Outdoor bathing(Organized)),NA,None,Clear,Greater than 100cm,"Bathing,Washing,Boating",No,Clear,None,0,28,5.8,8.2,409,5.4,0.68,11,350,1.8(BDL),1.14,5(BDL),124,61.98,19.9,1.68,0.48,172,86,86,57.12,50.44,485,392,13,0.84,0.5(BDL),1.92,0.9,NA,17°40.086',75°20.839'
2705,45878,Sep,0.25,"Sina river near Laboti toll naka, Village. Laboti,Taluka. Mohal, District. Solapur.",River,Sina ,Sina ,Solapur,Maharashtra,Maharashtra PCB,Monthly,None,No Information,NA,None,Clear,Greater than 100cm,Others,No,Clear,None,0,30,5.8,8.4,1057,7.4,0.85,13,280,6.1,7.62,14,188,124.16,32,2.8,1.04,298,150,148,156,84.15,816,644,33,0.35,0.51,4.2,0.4,NA,17° 47.095’,75° 42.577’
2789,45725,Sep,0.611111111,"Nalla at D/s of Aklai Mandir, Village. Aklai, Taluka. Malshiras, District. Solapur.",Nala,Nira,Nira ,Solapur,Maharashtra,Maharashtra PCB,Monthly,None,B (Outdoor bathing(Organized)),NA,None,Clear,Greater than 100cm,"Bathing,Washing,Others",No,Clear,None,0,30,6.1,8.3,531,6,0.77,31,540,6.8,1.2,10,92,47.19,20,2.24,0.61,150,70,80,54.9,58.68,414,334,11,0.88,0.5(BDL),2.19,0.4,NA,17° 53.339’,75° 01.541’
5995,45878,Sep,0.305555556,"Ujani dam pumping station, Dist- Solapur ",Dam,NA,NA,Solapur,Maharashtra,Maharashtra PCB,Monthly,None,C (Drinking water source),NA,None,Clear,Greater than 100cm,"Bathing,Cultivation,Fishing,Boating,Gardening,Tourism Spot",No,Clear,None,0,30,6.5,8.4,533,3,0.93,4.5,170,1.8(BDL),1.17,12,90,46.79,8,3.36,1.15,150,70,80,16.68,37.29,406,321,13,0.2(BDL),0.5(BDL),2.1,0.2(BDL),NA,NA,NA
